conversation_id,channel_name,platform_name,ticket_title,initial_user_name,initial_user_role,thread_participants,first_message_timestamp,acknowledgment_timestamp,resolution_timestamp,acknowledging_engineer_name,resolving_engineer_name,resolution_owner_type,support_tier_involved,was_escalated,conversation_length_comments,user_count_in_thread,engineer_count_in_thread,business_impact_level,urgency_level,resolution_status,resolution_summary,slack_thread_link,raw_thread_conversation,category
CONV-001,Data Science Workbench,Data Science Workbench,Resource limits,Rahul Nair,Senior Analyst,"['Rahul Nair (Senior Analyst)', 'Priya Nair (L1 Support Engineer)']",2026-03-02 10:15,2026-03-02 10:22,2026-03-09 10:55,Priya Nair,Priya Nair,L1,L1 only,No,31,1,1,Low,Low,Resolved,Issue was diagnosed and confirmed resolved after troubleshooting / rerun / fix.,https://slack.fake.company/archives/CONV-001,"[2026-03-02 10:15] Rahul Nair (Senior Analyst): OOM killed",Infrastructure
CONV-002,Data Quality,Data Quality,Null spike alert,Rohan Mehta,Data Analyst,"['Rohan Mehta (Data Analyst)', 'Rohit Bansal (L1 Support Engineer)']",2026-03-03 15:30,2026-03-03 15:37,2026-03-03 19:48,Rohit Bansal,Rohit Bansal,L1,L1 only,No,29,1,1,Low,Medium,Resolved,Issue was diagnosed and confirmed resolved after troubleshooting / rerun / fix.,https://slack.fake.company/archives/CONV-002,"[2026-03-03 15:30] Rohan Mehta (Data Analyst): null spike alert fired",Data Quality
CONV-003,Pipelines,Pipelines,Delayed refresh / ingestion,Aditi Singh,Growth Manager,"['Aditi Singh (Growth Manager)', 'Rohit Bansal (L1 Support Engineer)']",2026-03-04 10:18,2026-03-04 10:22,2026-03-07 11:15,Rohit Bansal,Rohit Bansal,L1,L1 only,No,25,1,1,Medium,High,Resolved,Issue was diagnosed and confirmed resolved after troubleshooting / rerun / fix.,https://slack.fake.company/archives/CONV-003,"[2026-03-04 10:18] Aditi Singh (Growth Manager): refresh delayed",Pipeline & Ingestion
CONV-004,Data Science Workbench,Data Science Workbench,Package dependency error,Neha Kapoor,Marketing Analyst,"['Neha Kapoor (Marketing Analyst)', 'Sandeep Kulkarni (L1 Support Engineer)']",2026-03-04 15:02,2026-03-04 15:03,2026-03-04 17:03,Sandeep Kulkarni,Sandeep Kulkarni,L1,L1 only,Yes,14,1,1,High,High,Resolved,Issue was diagnosed and confirmed resolved after troubleshooting / rerun / fix.,https://slack.fake.company/archives/CONV-004,"[2026-03-04 15:02] Neha Kapoor (Marketing Analyst): pip install failing",Infrastructure
CONV-005,Pipelines,Pipelines,Upstream dependency failure,Priya Verma,Product Manager,"['Priya Verma (Product Manager)', 'Rohit Bansal (L1 Support Engineer)']",2026-03-05 16:20,2026-03-05 16:26,2026-03-05 19:15,Rohit Bansal,Rohit Bansal,L1,L1 only,No,6,1,1,Medium,Low,Redirected,Thread redirected to owning team / incident path for deeper investigation.,https://slack.fake.company/archives/CONV-005,"[2026-03-05 16:20] Priya Verma (Product Manager): looks like upstream issue",Pipeline & Ingestion
CONV-006,Pipelines,Pipelines,Missing partition,Ankit Sharma,Business Analyst,"['Ankit Sharma (Business Analyst)', 'Rohit Bansal (L1 Support Engineer)']",2026-03-06 10:55,2026-03-06 11:02,2026-03-06 14:16,Rohit Bansal,Rohit Bansal,L1,L1 only,No,13,1,1,Medium,Medium,Resolved,Issue was diagnosed and confirmed resolved after troubleshooting / rerun / fix.,https://slack.fake.company/archives/CONV-006,"[2026-03-06 10:55] Ankit Sharma (Business Analyst): partition missing",Pipeline & Ingestion
CONV-007,Pipelines,Pipelines,Scheduled run failed,Rohan Mehta,Data Analyst,"['Rohan Mehta (Data Analyst)', 'Nisha Thomas (L1 Support Engineer)', 'Ravi Menon (L2 Platform Engineer)']",2026-03-09 15:25,2026-03-09 15:30,2026-03-10 16:51,Nisha Thomas,Nisha Thomas,L1,L1 + L2,No,12,1,2,Medium,Critical,Duplicate,Marked as duplicate of an existing issue / incident.,https://slack.fake.company/archives/CONV-007,"[2026-03-09 15:25] Rohan Mehta (Data Analyst): scheduled run failed",Pipeline & Ingestion
CONV-008,Pipelines,Pipelines,Missing partition,Sneha Iyer,Data Scientist,"['Sneha Iyer (Data Scientist)', 'Ankit Sharma (Business Analyst)', 'Rohit Bansal (L1 Support Engineer)', 'Nisha Thomas (L1 Support Engineer)']",2026-03-09 17:00,2026-03-09 17:15,2026-03-09 20:40,Rohit Bansal,Rohit Bansal,L1,Mixed,No,11,2,2,High,Medium,Resolved,Issue was diagnosed and confirmed resolved after troubleshooting / rerun / fix.,https://slack.fake.company/archives/CONV-008,"[2026-03-09 17:00] Sneha Iyer (Data Scientist): partition missing",Pipeline & Ingestion
CONV-009,Query Builder,Query Builder,Missing table / schema,Priya Verma,Product Manager,"['Priya Verma (Product Manager)', 'Megha Joshi (L1 Support Engineer)', 'Aakash Jain (L1 Support Engineer)']",2026-03-10 11:12,2026-03-10 11:16,2026-03-11 14:06,Megha Joshi,Megha Joshi,L1,Mixed,No,19,1,2,Low,High,Resolved,Issue was diagnosed and confirmed resolved after troubleshooting / rerun / fix.,https://slack.fake.company/archives/CONV-009,"[2026-03-10 11:12] Priya Verma (Product Manager): table not found",Access & Permissions
CONV-010,Pipelines,Pipelines,Upstream dependency failure,Ankit Sharma,Business Analyst,"['Ankit Sharma (Business Analyst)', 'Rohit Bansal (L1 Support Engineer)']",2026-03-10 11:15,2026-03-10 11:23,2026-03-10 12:46,Rohit Bansal,Rohit Bansal,L1,L1 only,No,6,1,1,Low,Medium,Resolved,Issue was diagnosed and confirmed resolved after troubleshooting / rerun / fix.,https://slack.fake.company/archives/CONV-010,"[2026-03-10 11:15] Ankit Sharma (Business Analyst): looks like upstream issue",Pipeline & Ingestion
CONV-011,Query Builder,Query Builder,Missing table / schema,Mehul Shah,Operations Analyst,"['Mehul Shah (Operations Analyst)', 'Priya Nair (L1 Support Engineer)', 'Vikram Desai (Backend / Platform Developer (L2))']",2026-03-10 12:18,2026-03-10 12:25,2026-03-10 15:57,Priya Nair,Vikram Desai,L2,L1 + L2,Yes,13,1,2,Medium,High,Resolved,Issue was diagnosed and confirmed resolved after troubleshooting / rerun / fix.,https://slack.fake.company/archives/CONV-011,"[2026-03-10 12:18] Mehul Shah (Operations Analyst): table not found",Access & Permissions
CONV-012,Tableau,Tableau,Performance issue,Sneha Iyer,Data Scientist,"['Sneha Iyer (Data Scientist)', 'Aakash Jain (L1 Support Engineer)', 'Vikram Desai (Backend / Platform Developer (L2))']",2026-03-11 11:18,2026-03-11 11:19,2026-03-11 14:34,Aakash Jain,Aakash Jain,L1,L1 + L2,Yes,8,1,2,Medium,Low,No Response,Support requested info but user stopped responding; thread closed.,https://slack.fake.company/archives/CONV-012,"[2026-03-11 11:18] Sneha Iyer (Data Scientist): dashboard super slow",Reporting & Visualization
CONV-013,Data Quality,Data Quality,Alert interpretation confusion,Rohan Mehta,Data Analyst,"['Rohan Mehta (Data Analyst)', 'Rohit Bansal (L1 Support Engineer)']",2026-03-11 14:15,2026-03-11 14:18,2026-03-11 17:37,Rohit Bansal,Rohit Bansal,L1,L1 only,Yes,13,1,1,Critical,Medium,Resolved,Issue was diagnosed and confirmed resolved after troubleshooting / rerun / fix.,https://slack.fake.company/archives/CONV-013,"[2026-03-11 14:15] Rohan Mehta (Data Analyst): not sure how to interpret this alert",Data Quality
CONV-014,Query Builder,Query Builder,SQL syntax confusion,Sneha Iyer,Data Scientist,"['Sneha Iyer (Data Scientist)', 'Megha Joshi (L1 Support Engineer)']",2026-03-12 10:05,2026-03-12 10:12,2026-03-12 12:40,Megha Joshi,Megha Joshi,L1,L1 only,No,13,1,1,Medium,High,No Response,Support requested info but user stopped responding; thread closed.,https://slack.fake.company/archives/CONV-014,"[2026-03-12 10:05] Sneha Iyer (Data Scientist): getting syntax error",Access & Permissions
CONV-015,Tableau,Tableau,Access missing,Rahul Nair,Senior Analyst,"['Rahul Nair (Senior Analyst)', 'Nisha Thomas (L1 Support Engineer)', 'Rohit Bansal (L1 Support Engineer)']",2026-03-12 10:18,2026-03-12 10:26,2026-03-12 12:35,Nisha Thomas,Nisha Thomas,L1,Mixed,No,12,1,2,Low,Medium,Redirected,Thread redirected to owning team / incident path for deeper investigation.,https://slack.fake.company/archives/CONV-015,"[2026-03-12 10:18] Rahul Nair (Senior Analyst): cannot access workbook/folder",Access & Permissions
CONV-016,Tableau,Tableau,Performance issue,Arjun Rao,ML Engineer,"['Arjun Rao (ML Engineer)', 'Rohan Mehta (Data Analyst)', 'Nisha Thomas (L1 Support Engineer)']",2026-03-13 13:02,2026-03-13 13:14,2026-03-15 15:53,Nisha Thomas,Nisha Thomas,L1,Mixed,No,7,2,1,High,Medium,Resolved,Issue was diagnosed and confirmed resolved after troubleshooting / rerun / fix.,https://slack.fake.company/archives/CONV-016,"[2026-03-13 13:02] Arjun Rao (ML Engineer): dashboard super slow",Reporting & Visualization
CONV-017,Data Science Workbench,Data Science Workbench,Wrong environment selected,Aditi Singh,Growth Manager,"['Aditi Singh (Growth Manager)', 'Nisha Thomas (L1 Support Engineer)']",2026-03-13 15:15,2026-03-13 15:17,2026-03-13 19:13,Nisha Thomas,Nisha Thomas,L1,L1 only,No,18,1,1,Medium,Medium,Redirected,Thread redirected to owning team / incident path for deeper investigation.,https://slack.fake.company/archives/CONV-017,"[2026-03-13 15:15] Aditi Singh (Growth Manager): i think i opened wrong env",Infrastructure
CONV-018,Data Science Workbench,Data Science Workbench,Kernel crash / disconnect,Rahul Nair,Senior Analyst,"['Rahul Nair (Senior Analyst)', 'Nisha Thomas (L1 Support Engineer)']",2026-03-16 10:28,2026-03-16 10:31,2026-03-16 13:23,Nisha Thomas,Nisha Thomas,L1,L1 only,No,5,1,1,Low,Medium,Resolved,Issue was diagnosed and confirmed resolved after troubleshooting / rerun / fix.,https://slack.fake.company/archives/CONV-018,"[2026-03-16 10:28] Rahul Nair (Senior Analyst): kernel died twice",Infrastructure
CONV-019,Tableau,Tableau,Dashboard blank / visual missing,Ankit Sharma,Business Analyst,"['Ankit Sharma (Business Analyst)', 'Rohit Bansal (L1 Support Engineer)']",2026-03-16 10:55,2026-03-16 11:02,2026-03-18 11:45,Rohit Bansal,Rohit Bansal,L1,L1 only,No,14,1,1,Medium,Medium,Resolved,Issue was diagnosed and confirmed resolved after troubleshooting / rerun / fix.,https://slack.fake.company/archives/CONV-019,"[2026-03-16 10:55] Ankit Sharma (Business Analyst): dashboard is blank",Reporting & Visualization
CONV-020,Data Science Workbench,Data Science Workbench,Resource limits,Dev Patel,Analytics Engineer,"['Dev Patel (Analytics Engineer)', 'Priya Nair (L1 Support Engineer)']",2026-03-16 12:40,2026-03-16 12:45,2026-03-17 13:18,Priya Nair,Priya Nair,L1,L1 only,No,10,1,1,Medium,High,Resolved,Issue was diagnosed and confirmed resolved after troubleshooting / rerun / fix.,https://slack.fake.company/archives/CONV-020,"[2026-03-16 12:40] Dev Patel (Analytics Engineer): OOM killed",Infrastructure
CONV-021,Data Quality,Data Quality,Failed validation rule,Dev Patel,Analytics Engineer,"['Dev Patel (Analytics Engineer)', 'Nisha Thomas (L1 Support Engineer)', 'Harshit Arora (Senior Data Engineer (L2))']",2026-03-16 15:12,2026-03-16 15:13,2026-03-16 18:21,Nisha Thomas,Nisha Thomas,L1,L1 + L2,Yes,7,1,2,Medium,Low,Resolved,Issue was diagnosed and confirmed resolved after troubleshooting / rerun / fix.,https://slack.fake.company/archives/CONV-021,"[2026-03-16 15:12] Dev Patel (Analytics Engineer): rule failing",Data Quality
CONV-022,Data Quality,Data Quality,Duplicate record alert,Arjun Rao,ML Engineer,"['Arjun Rao (ML Engineer)', 'Sandeep Kulkarni (L1 Support Engineer)', 'Megha Joshi (L1 Support Engineer)', 'Shreya Kulkarni (Analytics Platform Engineer (L2))']",2026-03-16 16:20,2026-03-16 16:26,2026-03-16 16:45,Sandeep Kulkarni,Sandeep Kulkarni,L1,L1 + L2,Yes,5,1,3,Critical,Medium,Duplicate,Marked as duplicate of an existing issue / incident.,https://slack.fake.company/archives/CONV-022,"[2026-03-16 16:20] Arjun Rao (ML Engineer): duplicate spike",Data Quality
CONV-023,Data Science Workbench,Data Science Workbench,Wrong environment selected,Karan Malhotra,Finance Analyst,"['Karan Malhotra (Finance Analyst)', 'Megha Joshi (L1 Support Engineer)']",2026-03-16 17:07,2026-03-16 17:12,2026-03-16 20:41,Megha Joshi,Megha Joshi,L1,L1 only,No,12,1,1,High,Medium,Resolved,Issue was diagnosed and confirmed resolved after troubleshooting / rerun / fix.,https://slack.fake.company/archives/CONV-023,"[2026-03-16 17:07] Karan Malhotra (Finance Analyst): i think i opened wrong env",Infrastructure
CONV-024,Tableau,Tableau,Performance issue,Kavya Menon,BI Analyst,"['Kavya Menon (BI Analyst)', 'Dev Patel (Analytics Engineer)', 'Aakash Jain (L1 Support Engineer)']",2026-03-19 12:55,2026-03-19 13:10,2026-03-19 14:37,Aakash Jain,Aakash Jain,L1,Mixed,No,11,2,1,High,Medium,Resolved,Issue was diagnosed and confirmed resolved after troubleshooting / rerun / fix.,https://slack.fake.company/archives/CONV-024,"[2026-03-19 12:55] Kavya Menon (BI Analyst): dashboard super slow",Reporting & Visualization
CONV-025,Data Science Workbench,Data Science Workbench,Kernel crash / disconnect,Dev Patel,Analytics Engineer,"['Dev Patel (Analytics Engineer)', 'Rohit Bansal (L1 Support Engineer)', 'Vikram Desai (Backend / Platform Developer (L2))']",2026-03-19 13:12,2026-03-19 13:15,2026-03-19 15:09,Rohit Bansal,Rohit Bansal,L1,L1 + L2,No,10,1,2,Medium,Low,Partially Resolved,Workaround provided; full fix deferred or needs follow-up.,https://slack.fake.company/archives/CONV-025,"[2026-03-19 13:12] Dev Patel (Analytics Engineer): kernel died twice",Infrastructure
CONV-026,Tableau,Tableau,Performance issue,Sneha Iyer,Data Scientist,"['Sneha Iyer (Data Scientist)', 'Priya Nair (L1 Support Engineer)']",2026-03-20 13:00,2026-03-20 13:05,2026-03-20 17:51,Priya Nair,Priya Nair,L1,L1 only,No,28,1,1,Low,High,Resolved,Issue was diagnosed and confirmed resolved after troubleshooting / rerun / fix.,https://slack.fake.company/archives/CONV-026,"[2026-03-20 13:00] Sneha Iyer (Data Scientist): dashboard super slow",Reporting & Visualization
CONV-027,Tableau,Tableau,Performance issue,Neha Kapoor,Marketing Analyst,"['Neha Kapoor (Marketing Analyst)', 'Megha Joshi (L1 Support Engineer)']",2026-03-23 10:00,2026-03-23 10:05,2026-03-26 12:36,Megha Joshi,Megha Joshi,L1,L1 only,No,6,1,1,Medium,Medium,Resolved,Issue was diagnosed and confirmed resolved after troubleshooting / rerun / fix.,https://slack.fake.company/archives/CONV-027,"[2026-03-23 10:00] Neha Kapoor (Marketing Analyst): dashboard super slow",Reporting & Visualization
CONV-028,Data Science Workbench,Data Science Workbench,Package dependency error,Dev Patel,Analytics Engineer,"['Dev Patel (Analytics Engineer)', 'Priya Nair (L1 Support Engineer)']",2026-03-22 18:18,2026-03-22 18:20,2026-03-22 19:26,Priya Nair,Priya Nair,L1,L1 only,No,8,1,1,Medium,Critical,Resolved,Issue was diagnosed and confirmed resolved after troubleshooting / rerun / fix.,https://slack.fake.company/archives/CONV-028,"[2026-03-22 18:18] Dev Patel (Analytics Engineer): pip install failing",Infrastructure
CONV-029,Pipelines,Pipelines,Delayed refresh / ingestion,Kavya Menon,BI Analyst,"['Kavya Menon (BI Analyst)', 'Rohit Bansal (L1 Support Engineer)']",2026-03-01 09:15,2026-03-01 09:22,2026-03-01 14:30,Rohit Bansal,Rohit Bansal,L1,L1 only,No,8,1,1,Medium,Medium,Resolved,Issue was diagnosed and confirmed resolved after troubleshooting / rerun / fix.,https://slack.fake.company/archives/CONV-029,"[2026-03-01 09:15] Kavya Menon (BI Analyst): refresh delayed",Pipeline & Ingestion
CONV-030,Data Quality,Data Quality,Schema drift detected,Dev Patel,Analytics Engineer,"['Dev Patel (Analytics Engineer)', 'Aakash Jain (L1 Support Engineer)']",2026-03-01 14:30,2026-03-01 14:38,2026-03-02 10:00,Aakash Jain,Aakash Jain,L1,L1 only,No,11,1,1,High,High,Redirected,Thread redirected to owning team / incident path for deeper investigation.,https://slack.fake.company/archives/CONV-030,"[2026-03-01 14:30] Dev Patel (Analytics Engineer): schema changed on source",Data Quality
CONV-031,Tableau,Tableau,Extract refresh failed,Arjun Rao,ML Engineer,"['Arjun Rao (ML Engineer)', 'Nisha Thomas (L1 Support Engineer)']",2026-03-02 11:05,2026-03-02 11:12,2026-03-02 15:45,Nisha Thomas,Nisha Thomas,L1,L1 only,No,6,1,1,Medium,Medium,Resolved,Issue was diagnosed and confirmed resolved after troubleshooting / rerun / fix.,https://slack.fake.company/archives/CONV-031,"[2026-03-02 11:05] Arjun Rao (ML Engineer): extract failed to refresh",Reporting & Visualization
CONV-032,Data Science Workbench,Data Science Workbench,Notebook not saving,Priya Verma,Product Manager,"['Priya Verma (Product Manager)', 'Sandeep Kulkarni (L1 Support Engineer)']",2026-03-03 09:45,2026-03-03 09:50,2026-03-03 12:30,Sandeep Kulkarni,Sandeep Kulkarni,L1,L1 only,No,9,1,1,Low,Low,Resolved,Issue was diagnosed and confirmed resolved after troubleshooting / rerun / fix.,https://slack.fake.company/archives/CONV-032,"[2026-03-03 09:45] Priya Verma (Product Manager): notebook wont save",Infrastructure
CONV-033,Query Builder,Query Builder,Permission denied on table,Mehul Shah,Operations Analyst,"['Mehul Shah (Operations Analyst)', 'Megha Joshi (L1 Support Engineer)']",2026-03-05 13:20,2026-03-05 13:28,2026-03-05 16:45,Megha Joshi,Megha Joshi,L1,L1 only,No,15,1,1,High,High,Resolved,Issue was diagnosed and confirmed resolved after troubleshooting / rerun / fix.,https://slack.fake.company/archives/CONV-033,"[2026-03-05 13:20] Mehul Shah (Operations Analyst): getting permission denied",Access & Permissions
CONV-034,Pipelines,Pipelines,DAG timeout,Sneha Iyer,Data Scientist,"['Sneha Iyer (Data Scientist)', 'Rohit Bansal (L1 Support Engineer)', 'Vikram Desai (Backend / Platform Developer (L2))']",2026-03-06 10:00,2026-03-06 10:12,2026-03-07 09:00,Rohit Bansal,Vikram Desai,L2,L1 + L2,Yes,20,1,2,Critical,Critical,Resolved,Issue was diagnosed and confirmed resolved after troubleshooting / rerun / fix.,https://slack.fake.company/archives/CONV-034,"[2026-03-06 10:00] Sneha Iyer (Data Scientist): dag timed out",Pipeline & Ingestion
CONV-035,Data Quality,Data Quality,Freshness SLA breach,Karan Malhotra,Finance Analyst,"['Karan Malhotra (Finance Analyst)', 'Nisha Thomas (L1 Support Engineer)']",2026-03-07 09:30,2026-03-07 09:38,2026-03-07 13:00,Nisha Thomas,Nisha Thomas,L1,L1 only,No,7,1,1,Medium,Medium,Resolved,Issue was diagnosed and confirmed resolved after troubleshooting / rerun / fix.,https://slack.fake.company/archives/CONV-035,"[2026-03-07 09:30] Karan Malhotra (Finance Analyst): data is stale, freshness failed",Data Quality
CONV-036,Tableau,Tableau,Published view error,Rahul Nair,Senior Analyst,"['Rahul Nair (Senior Analyst)', 'Aakash Jain (L1 Support Engineer)']",2026-03-09 11:45,2026-03-09 11:52,2026-03-09 15:30,Aakash Jain,Aakash Jain,L1,L1 only,No,13,1,1,Medium,Low,No Response,Support requested info but user stopped responding; thread closed.,https://slack.fake.company/archives/CONV-036,"[2026-03-09 11:45] Rahul Nair (Senior Analyst): published view showing error",Reporting & Visualization
CONV-037,Data Science Workbench,Data Science Workbench,GPU quota exceeded,Arjun Rao,ML Engineer,"['Arjun Rao (ML Engineer)', 'Priya Nair (L1 Support Engineer)', 'Harshit Arora (Senior Data Engineer (L2))']",2026-03-10 14:00,2026-03-10 14:10,2026-03-11 11:00,Priya Nair,Harshit Arora,L2,L1 + L2,Yes,17,1,2,High,High,Resolved,Issue was diagnosed and confirmed resolved after troubleshooting / rerun / fix.,https://slack.fake.company/archives/CONV-037,"[2026-03-10 14:00] Arjun Rao (ML Engineer): gpu quota hit",Infrastructure
CONV-038,Pipelines,Pipelines,Backfill request,Aditi Singh,Growth Manager,"['Aditi Singh (Growth Manager)', 'Rohit Bansal (L1 Support Engineer)']",2026-03-11 10:30,2026-03-11 10:40,2026-03-13 14:00,Rohit Bansal,Rohit Bansal,L1,L1 only,No,12,1,1,Low,Low,Partially Resolved,Workaround provided; full fix deferred or needs follow-up.,https://slack.fake.company/archives/CONV-038,"[2026-03-11 10:30] Aditi Singh (Growth Manager): need to backfill data",Pipeline & Ingestion
CONV-039,Query Builder,Query Builder,Query timeout,Rohan Mehta,Data Analyst,"['Rohan Mehta (Data Analyst)', 'Megha Joshi (L1 Support Engineer)']",2026-03-12 13:45,2026-03-12 13:52,2026-03-12 17:30,Megha Joshi,Megha Joshi,L1,L1 only,No,9,1,1,Medium,High,Resolved,Issue was diagnosed and confirmed resolved after troubleshooting / rerun / fix.,https://slack.fake.company/archives/CONV-039,"[2026-03-12 13:45] Rohan Mehta (Data Analyst): query timing out",Access & Permissions
CONV-040,Data Quality,Data Quality,Schema drift detected,Neha Kapoor,Marketing Analyst,"['Neha Kapoor (Marketing Analyst)', 'Sandeep Kulkarni (L1 Support Engineer)']",2026-03-13 09:20,2026-03-13 09:27,2026-03-13 14:00,Sandeep Kulkarni,Sandeep Kulkarni,L1,L1 only,No,8,1,1,Medium,Medium,Resolved,Issue was diagnosed and confirmed resolved after troubleshooting / rerun / fix.,https://slack.fake.company/archives/CONV-040,"[2026-03-13 09:20] Neha Kapoor (Marketing Analyst): schema changed on source",Data Quality
CONV-041,Tableau,Tableau,Dashboard blank / visual missing,Ritu Sharma,Data Engineer,"['Ritu Sharma (Data Engineer)', 'Nisha Thomas (L1 Support Engineer)']",2026-03-14 10:15,2026-03-14 10:22,2026-03-14 14:30,Nisha Thomas,Nisha Thomas,L1,L1 only,No,11,1,1,Low,Medium,No Response,Support requested info but user stopped responding; thread closed.,https://slack.fake.company/archives/CONV-041,"[2026-03-14 10:15] Ritu Sharma (Data Engineer): dashboard is blank",Reporting & Visualization
CONV-042,Pipelines,Pipelines,Upstream dependency failure,Vikash Kumar,Product Analyst,"['Vikash Kumar (Product Analyst)', 'Rohit Bansal (L1 Support Engineer)']",2026-03-15 14:00,2026-03-15 14:08,2026-03-15 17:00,Rohit Bansal,Rohit Bansal,L1,L1 only,No,6,1,1,Medium,Medium,Redirected,Thread redirected to owning team / incident path for deeper investigation.,https://slack.fake.company/archives/CONV-042,"[2026-03-15 14:00] Vikash Kumar (Product Analyst): looks like upstream issue",Pipeline & Ingestion
CONV-043,Data Science Workbench,Data Science Workbench,Notebook not saving,Preethi Nair,Research Analyst,"['Preethi Nair (Research Analyst)', 'Megha Joshi (L1 Support Engineer)']",2026-03-16 09:05,2026-03-16 09:12,2026-03-16 11:30,Megha Joshi,Megha Joshi,L1,L1 only,No,10,1,1,Low,Low,Resolved,Issue was diagnosed and confirmed resolved after troubleshooting / rerun / fix.,https://slack.fake.company/archives/CONV-043,"[2026-03-16 09:05] Preethi Nair (Research Analyst): notebook wont save",Infrastructure
CONV-044,Data Quality,Data Quality,Freshness SLA breach,Ankit Sharma,Business Analyst,"['Ankit Sharma (Business Analyst)', 'Aakash Jain (L1 Support Engineer)']",2026-03-17 11:00,2026-03-17 11:08,2026-03-17 15:45,Aakash Jain,Aakash Jain,L1,L1 only,No,7,1,1,Medium,Medium,Resolved,Issue was diagnosed and confirmed resolved after troubleshooting / rerun / fix.,https://slack.fake.company/archives/CONV-044,"[2026-03-17 11:00] Ankit Sharma (Business Analyst): data is stale, freshness failed",Data Quality
CONV-045,Tableau,Tableau,Extract refresh failed,Kavya Menon,BI Analyst,"['Kavya Menon (BI Analyst)', 'Priya Nair (L1 Support Engineer)']",2026-03-18 10:30,2026-03-18 10:37,2026-03-18 14:15,Priya Nair,Priya Nair,L1,L1 only,No,9,1,1,Medium,Medium,Resolved,Issue was diagnosed and confirmed resolved after troubleshooting / rerun / fix.,https://slack.fake.company/archives/CONV-045,"[2026-03-18 10:30] Kavya Menon (BI Analyst): extract failed to refresh",Reporting & Visualization
CONV-046,Query Builder,Query Builder,Permission denied on table,Dev Patel,Analytics Engineer,"['Dev Patel (Analytics Engineer)', 'Rohit Bansal (L1 Support Engineer)', 'Ravi Menon (L2 Platform Engineer)']",2026-03-19 14:30,2026-03-19 14:38,2026-03-20 10:00,Rohit Bansal,Ravi Menon,L2,L1 + L2,Yes,16,1,2,High,High,Resolved,Issue was diagnosed and confirmed resolved after troubleshooting / rerun / fix.,https://slack.fake.company/archives/CONV-046,"[2026-03-19 14:30] Dev Patel (Analytics Engineer): getting permission denied",Access & Permissions
CONV-047,Pipelines,Pipelines,Scheduled run failed,Sneha Iyer,Data Scientist,"['Sneha Iyer (Data Scientist)', 'Sandeep Kulkarni (L1 Support Engineer)']",2026-03-20 09:15,2026-03-20 09:22,2026-03-20 12:30,Sandeep Kulkarni,Sandeep Kulkarni,L1,L1 only,No,8,1,1,Medium,Medium,Duplicate,Marked as duplicate of an existing issue / incident.,https://slack.fake.company/archives/CONV-047,"[2026-03-20 09:15] Sneha Iyer (Data Scientist): scheduled run failed",Pipeline & Ingestion
CONV-048,Data Science Workbench,Data Science Workbench,GPU quota exceeded,Arjun Rao,ML Engineer,"['Arjun Rao (ML Engineer)', 'Nisha Thomas (L1 Support Engineer)', 'Vikram Desai (Backend / Platform Developer (L2))']",2026-03-21 11:30,2026-03-21 11:40,2026-03-22 11:00,Nisha Thomas,Vikram Desai,L2,L1 + L2,Yes,19,1,2,High,High,Resolved,Issue was diagnosed and confirmed resolved after troubleshooting / rerun / fix.,https://slack.fake.company/archives/CONV-048,"[2026-03-21 11:30] Arjun Rao (ML Engineer): gpu quota hit",Infrastructure
CONV-049,Data Quality,Data Quality,Alert interpretation confusion,Rahul Nair,Senior Analyst,"['Rahul Nair (Senior Analyst)', 'Rohit Bansal (L1 Support Engineer)']",2026-03-22 09:45,2026-03-22 09:52,2026-03-22 13:15,Rohit Bansal,Rohit Bansal,L1,L1 only,No,14,1,1,Medium,Medium,Resolved,Issue was diagnosed and confirmed resolved after troubleshooting / rerun / fix.,https://slack.fake.company/archives/CONV-049,"[2026-03-22 09:45] Rahul Nair (Senior Analyst): not sure how to interpret this alert",Data Quality
CONV-050,Tableau,Tableau,Performance issue,Rohan Mehta,Data Analyst,"['Rohan Mehta (Data Analyst)', 'Aakash Jain (L1 Support Engineer)']",2026-03-23 14:00,2026-03-23 14:07,2026-03-23 17:30,Aakash Jain,Aakash Jain,L1,L1 only,No,10,1,1,Medium,Medium,Resolved,Issue was diagnosed and confirmed resolved after troubleshooting / rerun / fix.,https://slack.fake.company/archives/CONV-050,"[2026-03-23 14:00] Rohan Mehta (Data Analyst): dashboard super slow",Reporting & Visualization
CONV-051,Pipelines,Pipelines,Missing partition,Aditi Singh,Growth Manager,"['Aditi Singh (Growth Manager)', 'Megha Joshi (L1 Support Engineer)']",2026-03-24 10:15,2026-03-24 10:22,2026-03-24 14:00,Megha Joshi,Megha Joshi,L1,L1 only,No,12,1,1,Low,Low,Resolved,Issue was diagnosed and confirmed resolved after troubleshooting / rerun / fix.,https://slack.fake.company/archives/CONV-051,"[2026-03-24 10:15] Aditi Singh (Growth Manager): partition missing",Pipeline & Ingestion
CONV-052,Query Builder,Query Builder,SQL syntax confusion,Mehul Shah,Operations Analyst,"['Mehul Shah (Operations Analyst)', 'Priya Nair (L1 Support Engineer)']",2026-03-25 11:00,2026-03-25 11:08,2026-03-25 14:30,Priya Nair,Priya Nair,L1,L1 only,No,11,1,1,Medium,Medium,Resolved,Issue was diagnosed and confirmed resolved after troubleshooting / rerun / fix.,https://slack.fake.company/archives/CONV-052,"[2026-03-25 11:00] Mehul Shah (Operations Analyst): getting syntax error",Access & Permissions
CONV-053,Data Science Workbench,Data Science Workbench,Resource limits,Karan Malhotra,Finance Analyst,"['Karan Malhotra (Finance Analyst)', 'Rohit Bansal (L1 Support Engineer)']",2026-03-26 09:30,2026-03-26 09:37,2026-03-26 12:00,Rohit Bansal,Rohit Bansal,L1,L1 only,No,9,1,1,Low,Low,Resolved,Issue was diagnosed and confirmed resolved after troubleshooting / rerun / fix.,https://slack.fake.company/archives/CONV-053,"[2026-03-26 09:30] Karan Malhotra (Finance Analyst): OOM killed",Infrastructure
CONV-054,Data Quality,Data Quality,Duplicate record alert,Priya Verma,Product Manager,"['Priya Verma (Product Manager)', 'Nisha Thomas (L1 Support Engineer)']",2026-03-27 14:30,2026-03-27 14:38,2026-03-27 15:30,Nisha Thomas,Nisha Thomas,L1,L1 only,No,5,1,1,Medium,Low,Duplicate,Marked as duplicate of an existing issue / incident.,https://slack.fake.company/archives/CONV-054,"[2026-03-27 14:30] Priya Verma (Product Manager): duplicate spike",Data Quality
CONV-055,Tableau,Tableau,Published view error,Neha Kapoor,Marketing Analyst,"['Neha Kapoor (Marketing Analyst)', 'Aakash Jain (L1 Support Engineer)', 'Shreya Kulkarni (Analytics Platform Engineer (L2))']",2026-03-28 10:00,2026-03-28 10:10,2026-03-29 10:00,Aakash Jain,Shreya Kulkarni,L2,L1 + L2,Yes,22,1,2,High,High,Resolved,Issue was diagnosed and confirmed resolved after troubleshooting / rerun / fix.,https://slack.fake.company/archives/CONV-055,"[2026-03-28 10:00] Neha Kapoor (Marketing Analyst): published view showing error",Reporting & Visualization
CONV-056,Pipelines,Pipelines,DAG timeout,Ankit Sharma,Business Analyst,"['Ankit Sharma (Business Analyst)', 'Rohit Bansal (L1 Support Engineer)', 'Harshit Arora (Senior Data Engineer (L2))']",2026-03-30 09:20,2026-03-30 09:32,2026-03-31 09:00,Rohit Bansal,Harshit Arora,L2,L1 + L2,Yes,18,1,2,Critical,Critical,Resolved,Issue was diagnosed and confirmed resolved after troubleshooting / rerun / fix.,https://slack.fake.company/archives/CONV-056,"[2026-03-30 09:20] Ankit Sharma (Business Analyst): dag timed out",Pipeline & Ingestion
CONV-057,Data Science Workbench,Data Science Workbench,Kernel crash / disconnect,Sneha Iyer,Data Scientist,"['Sneha Iyer (Data Scientist)', 'Priya Nair (L1 Support Engineer)']",2026-03-31 11:15,2026-03-31 11:22,2026-03-31 14:30,Priya Nair,Priya Nair,L1,L1 only,No,8,1,1,Medium,Medium,Resolved,Issue was diagnosed and confirmed resolved after troubleshooting / rerun / fix.,https://slack.fake.company/archives/CONV-057,"[2026-03-31 11:15] Sneha Iyer (Data Scientist): kernel died twice",Infrastructure
CONV-058,Data Quality,Data Quality,Null spike alert,Dev Patel,Analytics Engineer,"['Dev Patel (Analytics Engineer)', 'Sandeep Kulkarni (L1 Support Engineer)']",2026-03-31 15:00,2026-03-31 15:08,2026-04-01 09:00,Sandeep Kulkarni,Sandeep Kulkarni,L1,L1 only,No,10,1,1,Medium,Medium,Resolved,Issue was diagnosed and confirmed resolved after troubleshooting / rerun / fix.,https://slack.fake.company/archives/CONV-058,"[2026-03-31 15:00] Dev Patel (Analytics Engineer): null spike alert fired",Data Quality
CONV-059,Pipelines,Pipelines,Delayed refresh / ingestion,Kavya Menon,BI Analyst,"['Kavya Menon (BI Analyst)', 'Rohit Bansal (L1 Support Engineer)']",2026-04-01 09:30,2026-04-01 09:38,2026-04-01 14:00,Rohit Bansal,Rohit Bansal,L1,L1 only,No,8,1,1,Medium,Medium,Resolved,Issue was diagnosed and confirmed resolved after troubleshooting / rerun / fix.,https://slack.fake.company/archives/CONV-059,"[2026-04-01 09:30] Kavya Menon (BI Analyst): refresh delayed",Pipeline & Ingestion
CONV-060,Tableau,Tableau,Performance issue,Arjun Rao,ML Engineer,"['Arjun Rao (ML Engineer)', 'Aakash Jain (L1 Support Engineer)']",2026-04-01 11:00,2026-04-01 11:08,2026-04-01 15:30,Aakash Jain,Aakash Jain,L1,L1 only,No,11,1,1,Medium,Medium,Resolved,Issue was diagnosed and confirmed resolved after troubleshooting / rerun / fix.,https://slack.fake.company/archives/CONV-060,"[2026-04-01 11:00] Arjun Rao (ML Engineer): dashboard super slow",Reporting & Visualization
CONV-061,Data Science Workbench,Data Science Workbench,Package dependency error,Ritu Sharma,Data Engineer,"['Ritu Sharma (Data Engineer)', 'Nisha Thomas (L1 Support Engineer)']",2026-04-01 14:30,2026-04-01 14:37,2026-04-01 17:00,Nisha Thomas,Nisha Thomas,L1,L1 only,No,7,1,1,Low,Low,Resolved,Issue was diagnosed and confirmed resolved after troubleshooting / rerun / fix.,https://slack.fake.company/archives/CONV-061,"[2026-04-01 14:30] Ritu Sharma (Data Engineer): pip install failing",Infrastructure
CONV-062,Data Quality,Data Quality,Schema drift detected,Vikash Kumar,Product Analyst,"['Vikash Kumar (Product Analyst)', 'Megha Joshi (L1 Support Engineer)']",2026-04-02 09:15,2026-04-02 09:22,2026-04-03 10:00,Megha Joshi,Megha Joshi,L1,L1 only,No,12,1,1,High,Medium,Redirected,Thread redirected to owning team / incident path for deeper investigation.,https://slack.fake.company/archives/CONV-062,"[2026-04-02 09:15] Vikash Kumar (Product Analyst): schema changed on source",Data Quality
CONV-063,Query Builder,Query Builder,Missing table / schema,Rahul Nair,Senior Analyst,"['Rahul Nair (Senior Analyst)', 'Priya Nair (L1 Support Engineer)']",2026-04-02 11:30,2026-04-02 11:38,2026-04-02 15:00,Priya Nair,Priya Nair,L1,L1 only,No,9,1,1,Low,Low,Resolved,Issue was diagnosed and confirmed resolved after troubleshooting / rerun / fix.,https://slack.fake.company/archives/CONV-063,"[2026-04-02 11:30] Rahul Nair (Senior Analyst): table not found",Access & Permissions
CONV-064,Pipelines,Pipelines,Scheduled run failed,Preethi Nair,Research Analyst,"['Preethi Nair (Research Analyst)', 'Rohit Bansal (L1 Support Engineer)', 'Ravi Menon (L2 Platform Engineer)']",2026-04-03 10:00,2026-04-03 10:12,2026-04-04 09:00,Rohit Bansal,Ravi Menon,L2,L1 + L2,Yes,16,1,2,High,High,Resolved,Issue was diagnosed and confirmed resolved after troubleshooting / rerun / fix.,https://slack.fake.company/archives/CONV-064,"[2026-04-03 10:00] Preethi Nair (Research Analyst): scheduled run failed",Pipeline & Ingestion
CONV-065,Data Science Workbench,Data Science Workbench,Kernel crash / disconnect,Rohan Mehta,Data Analyst,"['Rohan Mehta (Data Analyst)', 'Sandeep Kulkarni (L1 Support Engineer)']",2026-04-03 14:15,2026-04-03 14:22,2026-04-03 17:30,Sandeep Kulkarni,Sandeep Kulkarni,L1,L1 only,No,8,1,1,Low,Medium,Resolved,Issue was diagnosed and confirmed resolved after troubleshooting / rerun / fix.,https://slack.fake.company/archives/CONV-065,"[2026-04-03 14:15] Rohan Mehta (Data Analyst): kernel died twice",Infrastructure
CONV-066,Tableau,Tableau,Dashboard blank / visual missing,Aditi Singh,Growth Manager,"['Aditi Singh (Growth Manager)', 'Aakash Jain (L1 Support Engineer)']",2026-04-04 09:45,2026-04-04 09:52,2026-04-04 13:00,Aakash Jain,Aakash Jain,L1,L1 only,No,10,1,1,Medium,Low,No Response,Support requested info but user stopped responding; thread closed.,https://slack.fake.company/archives/CONV-066,"[2026-04-04 09:45] Aditi Singh (Growth Manager): dashboard is blank",Reporting & Visualization
CONV-067,Data Quality,Data Quality,Failed validation rule,Sneha Iyer,Data Scientist,"['Sneha Iyer (Data Scientist)', 'Priya Nair (L1 Support Engineer)']",2026-04-04 13:30,2026-04-04 13:38,2026-04-04 17:00,Priya Nair,Priya Nair,L1,L1 only,No,12,1,1,Medium,Medium,Resolved,Issue was diagnosed and confirmed resolved after troubleshooting / rerun / fix.,https://slack.fake.company/archives/CONV-067,"[2026-04-04 13:30] Sneha Iyer (Data Scientist): rule failing",Data Quality
CONV-068,Pipelines,Pipelines,Upstream dependency failure,Neha Kapoor,Marketing Analyst,"['Neha Kapoor (Marketing Analyst)', 'Rohit Bansal (L1 Support Engineer)']",2026-04-05 10:30,2026-04-05 10:38,2026-04-05 14:30,Rohit Bansal,Rohit Bansal,L1,L1 only,No,6,1,1,Medium,Medium,Redirected,Thread redirected to owning team / incident path for deeper investigation.,https://slack.fake.company/archives/CONV-068,"[2026-04-05 10:30] Neha Kapoor (Marketing Analyst): looks like upstream issue",Pipeline & Ingestion
CONV-069,Query Builder,Query Builder,Query timeout,Ankit Sharma,Business Analyst,"['Ankit Sharma (Business Analyst)', 'Megha Joshi (L1 Support Engineer)', 'Vikram Desai (Backend / Platform Developer (L2))']",2026-04-06 09:15,2026-04-06 09:25,2026-04-06 14:00,Megha Joshi,Megha Joshi,L1,L1 + L2,No,13,1,2,Medium,High,Resolved,Issue was diagnosed and confirmed resolved after troubleshooting / rerun / fix.,https://slack.fake.company/archives/CONV-069,"[2026-04-06 09:15] Ankit Sharma (Business Analyst): query timing out",Access & Permissions
CONV-070,Data Science Workbench,Data Science Workbench,Resource limits,Mehul Shah,Operations Analyst,"['Mehul Shah (Operations Analyst)', 'Nisha Thomas (L1 Support Engineer)']",2026-04-07 11:00,2026-04-07 11:08,2026-04-07 15:00,Nisha Thomas,Nisha Thomas,L1,L1 only,No,9,1,1,Low,Low,Resolved,Issue was diagnosed and confirmed resolved after troubleshooting / rerun / fix.,https://slack.fake.company/archives/CONV-070,"[2026-04-07 11:00] Mehul Shah (Operations Analyst): OOM killed",Infrastructure
CONV-071,Data Quality,Data Quality,Freshness SLA breach,Karan Malhotra,Finance Analyst,"['Karan Malhotra (Finance Analyst)', 'Aakash Jain (L1 Support Engineer)']",2026-04-07 14:00,2026-04-07 14:08,2026-04-07 17:30,Aakash Jain,Aakash Jain,L1,L1 only,No,8,1,1,Medium,Medium,Resolved,Issue was diagnosed and confirmed resolved after troubleshooting / rerun / fix.,https://slack.fake.company/archives/CONV-071,"[2026-04-07 14:00] Karan Malhotra (Finance Analyst): data is stale, freshness failed",Data Quality
CONV-072,Tableau,Tableau,Extract refresh failed,Dev Patel,Analytics Engineer,"['Dev Patel (Analytics Engineer)', 'Priya Nair (L1 Support Engineer)']",2026-04-08 09:30,2026-04-08 09:37,2026-04-08 13:00,Priya Nair,Priya Nair,L1,L1 only,No,7,1,1,Medium,Medium,Resolved,Issue was diagnosed and confirmed resolved after troubleshooting / rerun / fix.,https://slack.fake.company/archives/CONV-072,"[2026-04-08 09:30] Dev Patel (Analytics Engineer): extract failed to refresh",Reporting & Visualization
CONV-073,Pipelines,Pipelines,Missing partition,Kavya Menon,BI Analyst,"['Kavya Menon (BI Analyst)', 'Rohit Bansal (L1 Support Engineer)']",2026-04-08 13:45,2026-04-08 13:52,2026-04-08 17:15,Rohit Bansal,Rohit Bansal,L1,L1 only,No,10,1,1,Low,Low,Resolved,Issue was diagnosed and confirmed resolved after troubleshooting / rerun / fix.,https://slack.fake.company/archives/CONV-073,"[2026-04-08 13:45] Kavya Menon (BI Analyst): partition missing",Pipeline & Ingestion
CONV-074,Data Science Workbench,Data Science Workbench,Wrong environment selected,Arjun Rao,ML Engineer,"['Arjun Rao (ML Engineer)', 'Sandeep Kulkarni (L1 Support Engineer)']",2026-04-09 10:15,2026-04-09 10:22,2026-04-09 13:30,Sandeep Kulkarni,Sandeep Kulkarni,L1,L1 only,No,11,1,1,Low,Low,Resolved,Issue was diagnosed and confirmed resolved after troubleshooting / rerun / fix.,https://slack.fake.company/archives/CONV-074,"[2026-04-09 10:15] Arjun Rao (ML Engineer): i think i opened wrong env",Infrastructure
CONV-075,Data Quality,Data Quality,Null spike alert,Ritu Sharma,Data Engineer,"['Ritu Sharma (Data Engineer)', 'Megha Joshi (L1 Support Engineer)']",2026-04-09 14:30,2026-04-09 14:38,2026-04-09 17:00,Megha Joshi,Megha Joshi,L1,L1 only,No,9,1,1,Medium,Medium,Resolved,Issue was diagnosed and confirmed resolved after troubleshooting / rerun / fix.,https://slack.fake.company/archives/CONV-075,"[2026-04-09 14:30] Ritu Sharma (Data Engineer): null spike alert fired",Data Quality
CONV-076,Query Builder,Query Builder,Permission denied on table,Vikash Kumar,Product Analyst,"['Vikash Kumar (Product Analyst)', 'Nisha Thomas (L1 Support Engineer)', 'Harshit Arora (Senior Data Engineer (L2))']",2026-04-10 09:00,2026-04-10 09:12,2026-04-11 09:00,Nisha Thomas,Harshit Arora,L2,L1 + L2,Yes,18,1,2,High,High,Resolved,Issue was diagnosed and confirmed resolved after troubleshooting / rerun / fix.,https://slack.fake.company/archives/CONV-076,"[2026-04-10 09:00] Vikash Kumar (Product Analyst): getting permission denied",Access & Permissions
CONV-077,Pipelines,Pipelines,DAG timeout,Rahul Nair,Senior Analyst,"['Rahul Nair (Senior Analyst)', 'Rohit Bansal (L1 Support Engineer)', 'Ravi Menon (L2 Platform Engineer)']",2026-04-10 13:00,2026-04-10 13:12,2026-04-11 12:00,Rohit Bansal,Ravi Menon,L2,L1 + L2,Yes,21,1,2,Critical,Critical,Resolved,Issue was diagnosed and confirmed resolved after troubleshooting / rerun / fix.,https://slack.fake.company/archives/CONV-077,"[2026-04-10 13:00] Rahul Nair (Senior Analyst): dag timed out",Pipeline & Ingestion
CONV-078,Tableau,Tableau,Performance issue,Preethi Nair,Research Analyst,"['Preethi Nair (Research Analyst)', 'Aakash Jain (L1 Support Engineer)']",2026-04-11 10:00,2026-04-11 10:08,2026-04-11 14:00,Aakash Jain,Aakash Jain,L1,L1 only,No,8,1,1,Medium,Medium,Resolved,Issue was diagnosed and confirmed resolved after troubleshooting / rerun / fix.,https://slack.fake.company/archives/CONV-078,"[2026-04-11 10:00] Preethi Nair (Research Analyst): dashboard super slow",Reporting & Visualization
CONV-079,Data Science Workbench,Data Science Workbench,Notebook not saving,Rohan Mehta,Data Analyst,"['Rohan Mehta (Data Analyst)', 'Priya Nair (L1 Support Engineer)']",2026-04-11 14:15,2026-04-11 14:22,2026-04-11 17:00,Priya Nair,Priya Nair,L1,L1 only,No,7,1,1,Low,Low,Resolved,Issue was diagnosed and confirmed resolved after troubleshooting / rerun / fix.,https://slack.fake.company/archives/CONV-079,"[2026-04-11 14:15] Rohan Mehta (Data Analyst): notebook wont save",Infrastructure
CONV-080,Data Quality,Data Quality,Duplicate record alert,Aditi Singh,Growth Manager,"['Aditi Singh (Growth Manager)', 'Sandeep Kulkarni (L1 Support Engineer)']",2026-04-12 09:45,2026-04-12 09:52,2026-04-12 11:00,Sandeep Kulkarni,Sandeep Kulkarni,L1,L1 only,No,5,1,1,Medium,Low,Duplicate,Marked as duplicate of an existing issue / incident.,https://slack.fake.company/archives/CONV-080,"[2026-04-12 09:45] Aditi Singh (Growth Manager): duplicate spike",Data Quality
CONV-081,Pipelines,Pipelines,Backfill request,Sneha Iyer,Data Scientist,"['Sneha Iyer (Data Scientist)', 'Rohit Bansal (L1 Support Engineer)']",2026-04-13 10:30,2026-04-13 10:38,2026-04-14 14:00,Rohit Bansal,Rohit Bansal,L1,L1 only,No,14,1,1,Low,Low,Partially Resolved,Workaround provided; full fix deferred or needs follow-up.,https://slack.fake.company/archives/CONV-081,"[2026-04-13 10:30] Sneha Iyer (Data Scientist): need to backfill data",Pipeline & Ingestion
CONV-082,Query Builder,Query Builder,SQL syntax confusion,Neha Kapoor,Marketing Analyst,"['Neha Kapoor (Marketing Analyst)', 'Megha Joshi (L1 Support Engineer)']",2026-04-13 13:00,2026-04-13 13:08,2026-04-13 16:30,Megha Joshi,Megha Joshi,L1,L1 only,No,10,1,1,Low,Low,Resolved,Issue was diagnosed and confirmed resolved after troubleshooting / rerun / fix.,https://slack.fake.company/archives/CONV-082,"[2026-04-13 13:00] Neha Kapoor (Marketing Analyst): getting syntax error",Access & Permissions
CONV-083,Tableau,Tableau,Published view error,Ankit Sharma,Business Analyst,"['Ankit Sharma (Business Analyst)', 'Aakash Jain (L1 Support Engineer)', 'Shreya Kulkarni (Analytics Platform Engineer (L2))']",2026-04-14 09:15,2026-04-14 09:25,2026-04-15 10:00,Aakash Jain,Shreya Kulkarni,L2,L1 + L2,Yes,19,1,2,High,High,Resolved,Issue was diagnosed and confirmed resolved after troubleshooting / rerun / fix.,https://slack.fake.company/archives/CONV-083,"[2026-04-14 09:15] Ankit Sharma (Business Analyst): published view showing error",Reporting & Visualization
CONV-084,Data Science Workbench,Data Science Workbench,GPU quota exceeded,Karan Malhotra,Finance Analyst,"['Karan Malhotra (Finance Analyst)', 'Nisha Thomas (L1 Support Engineer)', 'Vikram Desai (Backend / Platform Developer (L2))']",2026-04-14 14:00,2026-04-14 14:12,2026-04-15 14:00,Nisha Thomas,Vikram Desai,L2,L1 + L2,Yes,16,1,2,High,High,Resolved,Issue was diagnosed and confirmed resolved after troubleshooting / rerun / fix.,https://slack.fake.company/archives/CONV-084,"[2026-04-14 14:00] Karan Malhotra (Finance Analyst): gpu quota hit",Infrastructure
CONV-085,Data Quality,Data Quality,Schema drift detected,Dev Patel,Analytics Engineer,"['Dev Patel (Analytics Engineer)', 'Priya Nair (L1 Support Engineer)']",2026-04-15 10:30,2026-04-15 10:38,2026-04-16 09:00,Priya Nair,Priya Nair,L1,L1 only,No,11,1,1,High,Medium,Resolved,Issue was diagnosed and confirmed resolved after troubleshooting / rerun / fix.,https://slack.fake.company/archives/CONV-085,"[2026-04-15 10:30] Dev Patel (Analytics Engineer): schema changed on source",Data Quality
CONV-086,Pipelines,Pipelines,Scheduled run failed,Mehul Shah,Operations Analyst,"['Mehul Shah (Operations Analyst)', 'Rohit Bansal (L1 Support Engineer)']",2026-04-15 14:45,2026-04-15 14:52,2026-04-15 17:30,Rohit Bansal,Rohit Bansal,L1,L1 only,No,8,1,1,Medium,Medium,Resolved,Issue was diagnosed and confirmed resolved after troubleshooting / rerun / fix.,https://slack.fake.company/archives/CONV-086,"[2026-04-15 14:45] Mehul Shah (Operations Analyst): scheduled run failed",Pipeline & Ingestion
CONV-087,Tableau,Tableau,Dashboard blank / visual missing,Kavya Menon,BI Analyst,"['Kavya Menon (BI Analyst)', 'Aakash Jain (L1 Support Engineer)']",2026-04-16 09:30,2026-04-16 09:37,2026-04-16 13:00,Aakash Jain,Aakash Jain,L1,L1 only,No,10,1,1,Medium,Medium,Resolved,Issue was diagnosed and confirmed resolved after troubleshooting / rerun / fix.,https://slack.fake.company/archives/CONV-087,"[2026-04-16 09:30] Kavya Menon (BI Analyst): dashboard is blank",Reporting & Visualization
CONV-088,Query Builder,Query Builder,Missing table / schema,Arjun Rao,ML Engineer,"['Arjun Rao (ML Engineer)', 'Megha Joshi (L1 Support Engineer)']",2026-04-16 13:15,2026-04-16 13:22,2026-04-16 16:30,Megha Joshi,Megha Joshi,L1,L1 only,No,9,1,1,Low,Low,Resolved,Issue was diagnosed and confirmed resolved after troubleshooting / rerun / fix.,https://slack.fake.company/archives/CONV-088,"[2026-04-16 13:15] Arjun Rao (ML Engineer): table not found",Access & Permissions
CONV-089,Data Science Workbench,Data Science Workbench,Resource limits,Ritu Sharma,Data Engineer,"['Ritu Sharma (Data Engineer)', 'Sandeep Kulkarni (L1 Support Engineer)']",2026-04-17 10:00,2026-04-17 10:08,2026-04-17 13:30,Sandeep Kulkarni,Sandeep Kulkarni,L1,L1 only,No,8,1,1,Low,Low,Resolved,Issue was diagnosed and confirmed resolved after troubleshooting / rerun / fix.,https://slack.fake.company/archives/CONV-089,"[2026-04-17 10:00] Ritu Sharma (Data Engineer): OOM killed",Infrastructure
CONV-090,Data Quality,Data Quality,Alert interpretation confusion,Vikash Kumar,Product Analyst,"['Vikash Kumar (Product Analyst)', 'Nisha Thomas (L1 Support Engineer)']",2026-04-17 14:30,2026-04-17 14:38,2026-04-17 17:30,Nisha Thomas,Nisha Thomas,L1,L1 only,No,12,1,1,Medium,Medium,Resolved,Issue was diagnosed and confirmed resolved after troubleshooting / rerun / fix.,https://slack.fake.company/archives/CONV-090,"[2026-04-17 14:30] Vikash Kumar (Product Analyst): not sure how to interpret this alert",Data Quality
CONV-091,Pipelines,Pipelines,Upstream dependency failure,Rahul Nair,Senior Analyst,"['Rahul Nair (Senior Analyst)', 'Rohit Bansal (L1 Support Engineer)', 'Harshit Arora (Senior Data Engineer (L2))']",2026-04-18 09:45,2026-04-18 09:55,2026-04-19 09:00,Rohit Bansal,Harshit Arora,L2,L1 + L2,Yes,15,1,2,High,High,Resolved,Issue was diagnosed and confirmed resolved after troubleshooting / rerun / fix.,https://slack.fake.company/archives/CONV-091,"[2026-04-18 09:45] Rahul Nair (Senior Analyst): looks like upstream issue",Pipeline & Ingestion
CONV-092,Tableau,Tableau,Performance issue,Preethi Nair,Research Analyst,"['Preethi Nair (Research Analyst)', 'Aakash Jain (L1 Support Engineer)']",2026-04-18 13:30,2026-04-18 13:38,2026-04-18 17:00,Aakash Jain,Aakash Jain,L1,L1 only,No,7,1,1,Medium,Medium,No Response,Support requested info but user stopped responding; thread closed.,https://slack.fake.company/archives/CONV-092,"[2026-04-18 13:30] Preethi Nair (Research Analyst): dashboard super slow",Reporting & Visualization
CONV-093,Data Science Workbench,Data Science Workbench,Kernel crash / disconnect,Rohan Mehta,Data Analyst,"['Rohan Mehta (Data Analyst)', 'Priya Nair (L1 Support Engineer)']",2026-04-19 10:15,2026-04-19 10:22,2026-04-19 14:00,Priya Nair,Priya Nair,L1,L1 only,No,9,1,1,Low,Medium,Resolved,Issue was diagnosed and confirmed resolved after troubleshooting / rerun / fix.,https://slack.fake.company/archives/CONV-093,"[2026-04-19 10:15] Rohan Mehta (Data Analyst): kernel died twice",Infrastructure
CONV-094,Data Quality,Data Quality,Failed validation rule,Aditi Singh,Growth Manager,"['Aditi Singh (Growth Manager)', 'Megha Joshi (L1 Support Engineer)']",2026-04-20 09:30,2026-04-20 09:38,2026-04-20 13:30,Megha Joshi,Megha Joshi,L1,L1 only,No,11,1,1,Medium,Medium,Resolved,Issue was diagnosed and confirmed resolved after troubleshooting / rerun / fix.,https://slack.fake.company/archives/CONV-094,"[2026-04-20 09:30] Aditi Singh (Growth Manager): rule failing",Data Quality
CONV-095,Pipelines,Pipelines,Missing partition,Sneha Iyer,Data Scientist,"['Sneha Iyer (Data Scientist)', 'Rohit Bansal (L1 Support Engineer)']",2026-04-20 14:00,2026-04-20 14:08,2026-04-20 17:30,Rohit Bansal,Rohit Bansal,L1,L1 only,No,9,1,1,Low,Low,Resolved,Issue was diagnosed and confirmed resolved after troubleshooting / rerun / fix.,https://slack.fake.company/archives/CONV-095,"[2026-04-20 14:00] Sneha Iyer (Data Scientist): partition missing",Pipeline & Ingestion
CONV-096,Query Builder,Query Builder,Query timeout,Neha Kapoor,Marketing Analyst,"['Neha Kapoor (Marketing Analyst)', 'Sandeep Kulkarni (L1 Support Engineer)', 'Ravi Menon (L2 Platform Engineer)']",2026-04-21 10:30,2026-04-21 10:42,2026-04-22 09:00,Sandeep Kulkarni,Sandeep Kulkarni,L1,L1 + L2,No,15,1,2,Medium,High,Resolved,Issue was diagnosed and confirmed resolved after troubleshooting / rerun / fix.,https://slack.fake.company/archives/CONV-096,"[2026-04-21 10:30] Neha Kapoor (Marketing Analyst): query timing out",Access & Permissions
CONV-097,Tableau,Tableau,Extract refresh failed,Ankit Sharma,Business Analyst,"['Ankit Sharma (Business Analyst)', 'Nisha Thomas (L1 Support Engineer)']",2026-04-21 14:45,2026-04-21 14:52,2026-04-21 17:30,Nisha Thomas,Nisha Thomas,L1,L1 only,No,8,1,1,Medium,Medium,Resolved,Issue was diagnosed and confirmed resolved after troubleshooting / rerun / fix.,https://slack.fake.company/archives/CONV-097,"[2026-04-21 14:45] Ankit Sharma (Business Analyst): extract failed to refresh",Reporting & Visualization
CONV-098,Data Science Workbench,Data Science Workbench,Package dependency error,Karan Malhotra,Finance Analyst,"['Karan Malhotra (Finance Analyst)', 'Aakash Jain (L1 Support Engineer)']",2026-04-22 09:15,2026-04-22 09:22,2026-04-22 12:30,Aakash Jain,Aakash Jain,L1,L1 only,No,9,1,1,Low,Low,Resolved,Issue was diagnosed and confirmed resolved after troubleshooting / rerun / fix.,https://slack.fake.company/archives/CONV-098,"[2026-04-22 09:15] Karan Malhotra (Finance Analyst): pip install failing",Infrastructure
CONV-099,Data Quality,Data Quality,Freshness SLA breach,Mehul Shah,Operations Analyst,"['Mehul Shah (Operations Analyst)', 'Rohit Bansal (L1 Support Engineer)']",2026-04-22 13:00,2026-04-22 13:08,2026-04-22 17:00,Rohit Bansal,Rohit Bansal,L1,L1 only,No,8,1,1,Medium,Medium,Resolved,Issue was diagnosed and confirmed resolved after troubleshooting / rerun / fix.,https://slack.fake.company/archives/CONV-099,"[2026-04-22 13:00] Mehul Shah (Operations Analyst): data is stale, freshness failed",Data Quality
CONV-100,Pipelines,Pipelines,Delayed refresh / ingestion,Dev Patel,Analytics Engineer,"['Dev Patel (Analytics Engineer)', 'Priya Nair (L1 Support Engineer)']",2026-04-23 10:00,2026-04-23 10:08,2026-04-23 14:30,Priya Nair,Priya Nair,L1,L1 only,No,10,1,1,Medium,Medium,Partially Resolved,Workaround provided; full fix deferred or needs follow-up.,https://slack.fake.company/archives/CONV-100,"[2026-04-23 10:00] Dev Patel (Analytics Engineer): refresh delayed",Pipeline & Ingestion
CONV-101,Tableau,Tableau,Published view error,Kavya Menon,BI Analyst,"['Kavya Menon (BI Analyst)', 'Megha Joshi (L1 Support Engineer)', 'Vikram Desai (Backend / Platform Developer (L2))']",2026-04-23 14:15,2026-04-23 14:25,2026-04-24 14:00,Megha Joshi,Vikram Desai,L2,L1 + L2,Yes,20,1,2,High,High,Resolved,Issue was diagnosed and confirmed resolved after troubleshooting / rerun / fix.,https://slack.fake.company/archives/CONV-101,"[2026-04-23 14:15] Kavya Menon (BI Analyst): published view showing error",Reporting & Visualization
CONV-102,Query Builder,Query Builder,Permission denied on table,Arjun Rao,ML Engineer,"['Arjun Rao (ML Engineer)', 'Sandeep Kulkarni (L1 Support Engineer)']",2026-04-24 09:45,2026-04-24 09:52,2026-04-24 13:30,Sandeep Kulkarni,Sandeep Kulkarni,L1,L1 only,No,11,1,1,Medium,Medium,Resolved,Issue was diagnosed and confirmed resolved after troubleshooting / rerun / fix.,https://slack.fake.company/archives/CONV-102,"[2026-04-24 09:45] Arjun Rao (ML Engineer): getting permission denied",Access & Permissions
CONV-103,Data Science Workbench,Data Science Workbench,Wrong environment selected,Ritu Sharma,Data Engineer,"['Ritu Sharma (Data Engineer)', 'Nisha Thomas (L1 Support Engineer)']",2026-04-24 14:00,2026-04-24 14:08,2026-04-24 16:45,Nisha Thomas,Nisha Thomas,L1,L1 only,No,8,1,1,Low,Low,Resolved,Issue was diagnosed and confirmed resolved after troubleshooting / rerun / fix.,https://slack.fake.company/archives/CONV-103,"[2026-04-24 14:00] Ritu Sharma (Data Engineer): i think i opened wrong env",Infrastructure
CONV-104,Data Quality,Data Quality,Null spike alert,Vikash Kumar,Product Analyst,"['Vikash Kumar (Product Analyst)', 'Aakash Jain (L1 Support Engineer)']",2026-04-25 10:15,2026-04-25 10:22,2026-04-25 14:00,Aakash Jain,Aakash Jain,L1,L1 only,No,9,1,1,Medium,Medium,Resolved,Issue was diagnosed and confirmed resolved after troubleshooting / rerun / fix.,https://slack.fake.company/archives/CONV-104,"[2026-04-25 10:15] Vikash Kumar (Product Analyst): null spike alert fired",Data Quality
CONV-105,Pipelines,Pipelines,Scheduled run failed,Rahul Nair,Senior Analyst,"['Rahul Nair (Senior Analyst)', 'Rohit Bansal (L1 Support Engineer)', 'Shreya Kulkarni (Analytics Platform Engineer (L2))']",2026-04-25 13:30,2026-04-25 13:42,2026-04-26 11:00,Rohit Bansal,Shreya Kulkarni,L2,L1 + L2,Yes,17,1,2,High,High,Resolved,Issue was diagnosed and confirmed resolved after troubleshooting / rerun / fix.,https://slack.fake.company/archives/CONV-105,"[2026-04-25 13:30] Rahul Nair (Senior Analyst): scheduled run failed",Pipeline & Ingestion
CONV-106,Tableau,Tableau,Dashboard blank / visual missing,Preethi Nair,Research Analyst,"['Preethi Nair (Research Analyst)', 'Priya Nair (L1 Support Engineer)']",2026-04-26 09:30,2026-04-26 09:37,2026-04-26 13:00,Priya Nair,Priya Nair,L1,L1 only,No,6,1,1,Low,Medium,No Response,Support requested info but user stopped responding; thread closed.,https://slack.fake.company/archives/CONV-106,"[2026-04-26 09:30] Preethi Nair (Research Analyst): dashboard is blank",Reporting & Visualization
CONV-107,Data Science Workbench,Data Science Workbench,Resource limits,Rohan Mehta,Data Analyst,"['Rohan Mehta (Data Analyst)', 'Megha Joshi (L1 Support Engineer)']",2026-04-26 13:45,2026-04-26 13:52,2026-04-26 17:00,Megha Joshi,Megha Joshi,L1,L1 only,No,8,1,1,Low,Low,Resolved,Issue was diagnosed and confirmed resolved after troubleshooting / rerun / fix.,https://slack.fake.company/archives/CONV-107,"[2026-04-26 13:45] Rohan Mehta (Data Analyst): OOM killed",Infrastructure
CONV-108,Data Quality,Data Quality,Duplicate record alert,Aditi Singh,Growth Manager,"['Aditi Singh (Growth Manager)', 'Sandeep Kulkarni (L1 Support Engineer)']",2026-04-27 10:00,2026-04-27 10:08,2026-04-27 11:30,Sandeep Kulkarni,Sandeep Kulkarni,L1,L1 only,No,5,1,1,Medium,Low,Duplicate,Marked as duplicate of an existing issue / incident.,https://slack.fake.company/archives/CONV-108,"[2026-04-27 10:00] Aditi Singh (Growth Manager): duplicate spike",Data Quality
CONV-109,Pipelines,Pipelines,DAG timeout,Sneha Iyer,Data Scientist,"['Sneha Iyer (Data Scientist)', 'Nisha Thomas (L1 Support Engineer)', 'Ravi Menon (L2 Platform Engineer)']",2026-04-27 14:15,2026-04-27 14:27,2026-04-28 14:00,Nisha Thomas,Ravi Menon,L2,L1 + L2,Yes,23,1,2,Critical,Critical,Resolved,Issue was diagnosed and confirmed resolved after troubleshooting / rerun / fix.,https://slack.fake.company/archives/CONV-109,"[2026-04-27 14:15] Sneha Iyer (Data Scientist): dag timed out",Pipeline & Ingestion
CONV-110,Query Builder,Query Builder,SQL syntax confusion,Neha Kapoor,Marketing Analyst,"['Neha Kapoor (Marketing Analyst)', 'Aakash Jain (L1 Support Engineer)']",2026-04-28 09:30,2026-04-28 09:37,2026-04-28 12:30,Aakash Jain,Aakash Jain,L1,L1 only,No,10,1,1,Low,Low,Resolved,Issue was diagnosed and confirmed resolved after troubleshooting / rerun / fix.,https://slack.fake.company/archives/CONV-110,"[2026-04-28 09:30] Neha Kapoor (Marketing Analyst): getting syntax error",Access & Permissions
CONV-111,Tableau,Tableau,Performance issue,Ankit Sharma,Business Analyst,"['Ankit Sharma (Business Analyst)', 'Rohit Bansal (L1 Support Engineer)']",2026-04-28 13:00,2026-04-28 13:08,2026-04-28 17:00,Rohit Bansal,Rohit Bansal,L1,L1 only,No,9,1,1,Medium,Medium,Resolved,Issue was diagnosed and confirmed resolved after troubleshooting / rerun / fix.,https://slack.fake.company/archives/CONV-111,"[2026-04-28 13:00] Ankit Sharma (Business Analyst): dashboard super slow",Reporting & Visualization
CONV-112,Data Science Workbench,Data Science Workbench,Kernel crash / disconnect,Karan Malhotra,Finance Analyst,"['Karan Malhotra (Finance Analyst)', 'Priya Nair (L1 Support Engineer)']",2026-04-29 10:15,2026-04-29 10:22,2026-04-29 14:30,Priya Nair,Priya Nair,L1,L1 only,No,8,1,1,Medium,Medium,Resolved,Issue was diagnosed and confirmed resolved after troubleshooting / rerun / fix.,https://slack.fake.company/archives/CONV-112,"[2026-04-29 10:15] Karan Malhotra (Finance Analyst): kernel died twice",Infrastructure
CONV-113,Data Quality,Data Quality,Schema drift detected,Dev Patel,Analytics Engineer,"['Dev Patel (Analytics Engineer)', 'Megha Joshi (L1 Support Engineer)', 'Harshit Arora (Senior Data Engineer (L2))']",2026-04-29 14:00,2026-04-29 14:12,2026-04-30 12:00,Megha Joshi,Harshit Arora,L2,L1 + L2,No,13,1,2,High,High,Resolved,Issue was diagnosed and confirmed resolved after troubleshooting / rerun / fix.,https://slack.fake.company/archives/CONV-113,"[2026-04-29 14:00] Dev Patel (Analytics Engineer): schema changed on source",Data Quality
CONV-114,Pipelines,Pipelines,Upstream dependency failure,Mehul Shah,Operations Analyst,"['Mehul Shah (Operations Analyst)', 'Rohit Bansal (L1 Support Engineer)']",2026-04-30 10:30,2026-04-30 10:38,2026-04-30 14:30,Rohit Bansal,Rohit Bansal,L1,L1 only,No,7,1,1,Medium,Medium,Redirected,Thread redirected to owning team / incident path for deeper investigation.,https://slack.fake.company/archives/CONV-114,"[2026-04-30 10:30] Mehul Shah (Operations Analyst): looks like upstream issue",Pipeline & Ingestion
CONV-115,Tableau,Tableau,Extract refresh failed,Kavya Menon,BI Analyst,"['Kavya Menon (BI Analyst)', 'Sandeep Kulkarni (L1 Support Engineer)']",2026-04-30 14:45,2026-04-30 14:52,2026-04-30 17:30,Sandeep Kulkarni,Sandeep Kulkarni,L1,L1 only,No,8,1,1,Medium,Medium,Resolved,Issue was diagnosed and confirmed resolved after troubleshooting / rerun / fix.,https://slack.fake.company/archives/CONV-115,"[2026-04-30 14:45] Kavya Menon (BI Analyst): extract failed to refresh",Reporting & Visualization
CONV-116,Data Science Workbench,Data Science Workbench,Wrong environment selected,Ankit Sharma,Business Analyst,"['Ankit Sharma (Business Analyst)', 'Nisha Thomas (L1 Support Engineer)']",2026-04-01 16:00,2026-04-01 16:07,2026-04-01 18:30,Nisha Thomas,Nisha Thomas,L1,L1 only,No,7,1,1,Low,Low,Resolved,Issue was diagnosed and confirmed resolved after troubleshooting / rerun / fix.,https://slack.fake.company/archives/CONV-116,"[2026-04-01 16:00] Ankit Sharma (Business Analyst): i think i opened wrong env",Infrastructure
CONV-117,Pipelines,Pipelines,Backfill request,Kavya Menon,BI Analyst,"['Kavya Menon (BI Analyst)', 'Aakash Jain (L1 Support Engineer)']",2026-04-02 15:30,2026-04-02 15:38,2026-04-03 15:00,Aakash Jain,Aakash Jain,L1,L1 only,No,11,1,1,Low,Low,Partially Resolved,Workaround provided; full fix deferred or needs follow-up.,https://slack.fake.company/archives/CONV-117,"[2026-04-02 15:30] Kavya Menon (BI Analyst): need to backfill data",Pipeline & Ingestion
CONV-118,Data Quality,Data Quality,Alert interpretation confusion,Rahul Nair,Senior Analyst,"['Rahul Nair (Senior Analyst)', 'Rohit Bansal (L1 Support Engineer)']",2026-04-03 08:45,2026-04-03 08:53,2026-04-03 12:00,Rohit Bansal,Rohit Bansal,L1,L1 only,No,14,1,1,Medium,Medium,Resolved,Issue was diagnosed and confirmed resolved after troubleshooting / rerun / fix.,https://slack.fake.company/archives/CONV-118,"[2026-04-03 08:45] Rahul Nair (Senior Analyst): not sure how to interpret this alert",Data Quality
CONV-119,Query Builder,Query Builder,Missing table / schema,Arjun Rao,ML Engineer,"['Arjun Rao (ML Engineer)', 'Priya Nair (L1 Support Engineer)', 'Vikram Desai (Backend / Platform Developer (L2))']",2026-04-04 15:30,2026-04-04 15:40,2026-04-05 14:00,Priya Nair,Vikram Desai,L2,L1 + L2,Yes,18,1,2,High,High,Resolved,Issue was diagnosed and confirmed resolved after troubleshooting / rerun / fix.,https://slack.fake.company/archives/CONV-119,"[2026-04-04 15:30] Arjun Rao (ML Engineer): table not found",Access & Permissions
CONV-120,Data Science Workbench,Data Science Workbench,Notebook not saving,Sneha Iyer,Data Scientist,"['Sneha Iyer (Data Scientist)', 'Megha Joshi (L1 Support Engineer)']",2026-04-05 08:30,2026-04-05 08:37,2026-04-05 11:00,Megha Joshi,Megha Joshi,L1,L1 only,No,8,1,1,Low,Low,Resolved,Issue was diagnosed and confirmed resolved after troubleshooting / rerun / fix.,https://slack.fake.company/archives/CONV-120,"[2026-04-05 08:30] Sneha Iyer (Data Scientist): notebook wont save",Infrastructure
CONV-121,Tableau,Tableau,Dashboard blank / visual missing,Rohan Mehta,Data Analyst,"['Rohan Mehta (Data Analyst)', 'Sandeep Kulkarni (L1 Support Engineer)']",2026-04-06 13:00,2026-04-06 13:08,2026-04-06 17:00,Sandeep Kulkarni,Sandeep Kulkarni,L1,L1 only,No,9,1,1,Medium,Medium,Resolved,Issue was diagnosed and confirmed resolved after troubleshooting / rerun / fix.,https://slack.fake.company/archives/CONV-121,"[2026-04-06 13:00] Rohan Mehta (Data Analyst): dashboard is blank",Reporting & Visualization
CONV-122,Data Quality,Data Quality,Failed validation rule,Aditi Singh,Growth Manager,"['Aditi Singh (Growth Manager)', 'Nisha Thomas (L1 Support Engineer)']",2026-04-07 08:45,2026-04-07 08:52,2026-04-07 13:00,Nisha Thomas,Nisha Thomas,L1,L1 only,No,11,1,1,Medium,Medium,Resolved,Issue was diagnosed and confirmed resolved after troubleshooting / rerun / fix.,https://slack.fake.company/archives/CONV-122,"[2026-04-07 08:45] Aditi Singh (Growth Manager): rule failing",Data Quality
CONV-123,Pipelines,Pipelines,Missing partition,Neha Kapoor,Marketing Analyst,"['Neha Kapoor (Marketing Analyst)', 'Rohit Bansal (L1 Support Engineer)']",2026-04-08 15:00,2026-04-08 15:07,2026-04-09 09:00,Rohit Bansal,Rohit Bansal,L1,L1 only,No,10,1,1,Low,Low,Resolved,Issue was diagnosed and confirmed resolved after troubleshooting / rerun / fix.,https://slack.fake.company/archives/CONV-123,"[2026-04-08 15:00] Neha Kapoor (Marketing Analyst): partition missing",Pipeline & Ingestion
CONV-124,Query Builder,Query Builder,SQL syntax confusion,Ritu Sharma,Data Engineer,"['Ritu Sharma (Data Engineer)', 'Aakash Jain (L1 Support Engineer)']",2026-04-09 08:30,2026-04-09 08:37,2026-04-09 11:30,Aakash Jain,Aakash Jain,L1,L1 only,No,9,1,1,Low,Low,Resolved,Issue was diagnosed and confirmed resolved after troubleshooting / rerun / fix.,https://slack.fake.company/archives/CONV-124,"[2026-04-09 08:30] Ritu Sharma (Data Engineer): getting syntax error",Access & Permissions
CONV-125,Data Science Workbench,Data Science Workbench,GPU quota exceeded,Vikash Kumar,Product Analyst,"['Vikash Kumar (Product Analyst)', 'Priya Nair (L1 Support Engineer)', 'Shreya Kulkarni (Analytics Platform Engineer (L2))']",2026-04-10 15:30,2026-04-10 15:42,2026-04-11 15:00,Priya Nair,Shreya Kulkarni,L2,L1 + L2,Yes,20,1,2,High,High,Resolved,Issue was diagnosed and confirmed resolved after troubleshooting / rerun / fix.,https://slack.fake.company/archives/CONV-125,"[2026-04-10 15:30] Vikash Kumar (Product Analyst): gpu quota hit",Infrastructure
CONV-126,Data Quality,Data Quality,Freshness SLA breach,Karan Malhotra,Finance Analyst,"['Karan Malhotra (Finance Analyst)', 'Megha Joshi (L1 Support Engineer)']",2026-04-11 08:30,2026-04-11 08:37,2026-04-11 12:00,Megha Joshi,Megha Joshi,L1,L1 only,No,7,1,1,Medium,Medium,Resolved,Issue was diagnosed and confirmed resolved after troubleshooting / rerun / fix.,https://slack.fake.company/archives/CONV-126,"[2026-04-11 08:30] Karan Malhotra (Finance Analyst): data is stale, freshness failed",Data Quality
CONV-127,Tableau,Tableau,Performance issue,Dev Patel,Analytics Engineer,"['Dev Patel (Analytics Engineer)', 'Rohit Bansal (L1 Support Engineer)']",2026-04-12 13:30,2026-04-12 13:38,2026-04-12 17:00,Rohit Bansal,Rohit Bansal,L1,L1 only,No,10,1,1,Medium,Medium,Resolved,Issue was diagnosed and confirmed resolved after troubleshooting / rerun / fix.,https://slack.fake.company/archives/CONV-127,"[2026-04-12 13:30] Dev Patel (Analytics Engineer): dashboard super slow",Reporting & Visualization
CONV-128,Pipelines,Pipelines,Scheduled run failed,Preethi Nair,Research Analyst,"['Preethi Nair (Research Analyst)', 'Nisha Thomas (L1 Support Engineer)', 'Ravi Menon (L2 Platform Engineer)']",2026-04-13 15:00,2026-04-13 15:12,2026-04-14 10:00,Nisha Thomas,Ravi Menon,L2,L1 + L2,Yes,14,1,2,High,High,Resolved,Issue was diagnosed and confirmed resolved after troubleshooting / rerun / fix.,https://slack.fake.company/archives/CONV-128,"[2026-04-13 15:00] Preethi Nair (Research Analyst): scheduled run failed",Pipeline & Ingestion
CONV-129,Query Builder,Query Builder,Permission denied on table,Mehul Shah,Operations Analyst,"['Mehul Shah (Operations Analyst)', 'Aakash Jain (L1 Support Engineer)']",2026-04-14 16:00,2026-04-14 16:07,2026-04-15 09:00,Aakash Jain,Aakash Jain,L1,L1 only,No,12,1,1,Medium,Medium,Resolved,Issue was diagnosed and confirmed resolved after troubleshooting / rerun / fix.,https://slack.fake.company/archives/CONV-129,"[2026-04-14 16:00] Mehul Shah (Operations Analyst): getting permission denied",Access & Permissions
CONV-130,Data Science Workbench,Data Science Workbench,Resource limits,Kavya Menon,BI Analyst,"['Kavya Menon (BI Analyst)', 'Sandeep Kulkarni (L1 Support Engineer)']",2026-04-15 08:45,2026-04-15 08:52,2026-04-15 12:30,Sandeep Kulkarni,Sandeep Kulkarni,L1,L1 only,No,9,1,1,Low,Low,Resolved,Issue was diagnosed and confirmed resolved after troubleshooting / rerun / fix.,https://slack.fake.company/archives/CONV-130,"[2026-04-15 08:45] Kavya Menon (BI Analyst): OOM killed",Infrastructure
CONV-131,Data Quality,Data Quality,Null spike alert,Arjun Rao,ML Engineer,"['Arjun Rao (ML Engineer)', 'Priya Nair (L1 Support Engineer)']",2026-04-16 15:00,2026-04-16 15:08,2026-04-17 09:00,Priya Nair,Priya Nair,L1,L1 only,No,10,1,1,Medium,Medium,Resolved,Issue was diagnosed and confirmed resolved after troubleshooting / rerun / fix.,https://slack.fake.company/archives/CONV-131,"[2026-04-16 15:00] Arjun Rao (ML Engineer): null spike alert fired",Data Quality
CONV-132,Tableau,Tableau,Extract refresh failed,Rahul Nair,Senior Analyst,"['Rahul Nair (Senior Analyst)', 'Rohit Bansal (L1 Support Engineer)', 'Harshit Arora (Senior Data Engineer (L2))']",2026-04-17 08:30,2026-04-17 08:42,2026-04-17 14:00,Rohit Bansal,Harshit Arora,L2,L1 + L2,Yes,16,1,2,High,High,Resolved,Issue was diagnosed and confirmed resolved after troubleshooting / rerun / fix.,https://slack.fake.company/archives/CONV-132,"[2026-04-17 08:30] Rahul Nair (Senior Analyst): extract failed to refresh",Reporting & Visualization
CONV-133,Pipelines,Pipelines,Delayed refresh / ingestion,Rohan Mehta,Data Analyst,"['Rohan Mehta (Data Analyst)', 'Megha Joshi (L1 Support Engineer)']",2026-04-18 15:00,2026-04-18 15:08,2026-04-19 10:00,Megha Joshi,Megha Joshi,L1,L1 only,No,9,1,1,Medium,Medium,Partially Resolved,Workaround provided; full fix deferred or needs follow-up.,https://slack.fake.company/archives/CONV-133,"[2026-04-18 15:00] Rohan Mehta (Data Analyst): refresh delayed",Pipeline & Ingestion
CONV-134,Query Builder,Query Builder,Query timeout,Aditi Singh,Growth Manager,"['Aditi Singh (Growth Manager)', 'Nisha Thomas (L1 Support Engineer)', 'Ravi Menon (L2 Platform Engineer)']",2026-04-19 08:45,2026-04-19 08:57,2026-04-19 14:00,Nisha Thomas,Nisha Thomas,L1,L1 + L2,No,13,1,2,Medium,High,Resolved,Issue was diagnosed and confirmed resolved after troubleshooting / rerun / fix.,https://slack.fake.company/archives/CONV-134,"[2026-04-19 08:45] Aditi Singh (Growth Manager): query timing out",Access & Permissions
CONV-135,Data Science Workbench,Data Science Workbench,Package dependency error,Sneha Iyer,Data Scientist,"['Sneha Iyer (Data Scientist)', 'Aakash Jain (L1 Support Engineer)']",2026-04-20 15:30,2026-04-20 15:37,2026-04-20 18:00,Aakash Jain,Aakash Jain,L1,L1 only,No,8,1,1,Low,Low,Resolved,Issue was diagnosed and confirmed resolved after troubleshooting / rerun / fix.,https://slack.fake.company/archives/CONV-135,"[2026-04-20 15:30] Sneha Iyer (Data Scientist): pip install failing",Infrastructure
CONV-136,Data Quality,Data Quality,Schema drift detected,Neha Kapoor,Marketing Analyst,"['Neha Kapoor (Marketing Analyst)', 'Rohit Bansal (L1 Support Engineer)']",2026-04-21 08:30,2026-04-21 08:37,2026-04-22 09:00,Rohit Bansal,Rohit Bansal,L1,L1 only,No,11,1,1,High,Medium,Resolved,Issue was diagnosed and confirmed resolved after troubleshooting / rerun / fix.,https://slack.fake.company/archives/CONV-136,"[2026-04-21 08:30] Neha Kapoor (Marketing Analyst): schema changed on source",Data Quality
CONV-137,Tableau,Tableau,Published view error,Ankit Sharma,Business Analyst,"['Ankit Sharma (Business Analyst)', 'Priya Nair (L1 Support Engineer)', 'Vikram Desai (Backend / Platform Developer (L2))']",2026-04-22 15:00,2026-04-22 15:12,2026-04-23 14:00,Priya Nair,Vikram Desai,L2,L1 + L2,Yes,17,1,2,High,High,Resolved,Issue was diagnosed and confirmed resolved after troubleshooting / rerun / fix.,https://slack.fake.company/archives/CONV-137,"[2026-04-22 15:00] Ankit Sharma (Business Analyst): published view showing error",Reporting & Visualization
CONV-138,Pipelines,Pipelines,Upstream dependency failure,Karan Malhotra,Finance Analyst,"['Karan Malhotra (Finance Analyst)', 'Megha Joshi (L1 Support Engineer)']",2026-04-23 08:30,2026-04-23 08:38,2026-04-23 12:30,Megha Joshi,Megha Joshi,L1,L1 only,No,7,1,1,Medium,Medium,Redirected,Thread redirected to owning team / incident path for deeper investigation.,https://slack.fake.company/archives/CONV-138,"[2026-04-23 08:30] Karan Malhotra (Finance Analyst): looks like upstream issue",Pipeline & Ingestion
CONV-139,Data Science Workbench,Data Science Workbench,Kernel crash / disconnect,Ritu Sharma,Data Engineer,"['Ritu Sharma (Data Engineer)', 'Sandeep Kulkarni (L1 Support Engineer)']",2026-04-24 15:30,2026-04-24 15:37,2026-04-25 09:00,Sandeep Kulkarni,Sandeep Kulkarni,L1,L1 only,No,9,1,1,Medium,Medium,Resolved,Issue was diagnosed and confirmed resolved after troubleshooting / rerun / fix.,https://slack.fake.company/archives/CONV-139,"[2026-04-24 15:30] Ritu Sharma (Data Engineer): kernel died twice",Infrastructure
CONV-140,Data Quality,Data Quality,Duplicate record alert,Vikash Kumar,Product Analyst,"['Vikash Kumar (Product Analyst)', 'Nisha Thomas (L1 Support Engineer)']",2026-04-25 08:45,2026-04-25 08:52,2026-04-25 10:00,Nisha Thomas,Nisha Thomas,L1,L1 only,No,5,1,1,Medium,Low,Duplicate,Marked as duplicate of an existing issue / incident.,https://slack.fake.company/archives/CONV-140,"[2026-04-25 08:45] Vikash Kumar (Product Analyst): duplicate spike",Data Quality
CONV-141,Query Builder,Query Builder,Missing table / schema,Dev Patel,Analytics Engineer,"['Dev Patel (Analytics Engineer)', 'Aakash Jain (L1 Support Engineer)', 'Shreya Kulkarni (Analytics Platform Engineer (L2))']",2026-04-26 15:00,2026-04-26 15:12,2026-04-27 10:00,Aakash Jain,Shreya Kulkarni,L2,L1 + L2,Yes,18,1,2,High,High,Resolved,Issue was diagnosed and confirmed resolved after troubleshooting / rerun / fix.,https://slack.fake.company/archives/CONV-141,"[2026-04-26 15:00] Dev Patel (Analytics Engineer): table not found",Access & Permissions
CONV-142,Tableau,Tableau,Dashboard blank / visual missing,Preethi Nair,Research Analyst,"['Preethi Nair (Research Analyst)', 'Rohit Bansal (L1 Support Engineer)']",2026-04-27 08:30,2026-04-27 08:37,2026-04-27 12:00,Rohit Bansal,Rohit Bansal,L1,L1 only,No,7,1,1,Low,Medium,No Response,Support requested info but user stopped responding; thread closed.,https://slack.fake.company/archives/CONV-142,"[2026-04-27 08:30] Preethi Nair (Research Analyst): dashboard is blank",Reporting & Visualization
CONV-143,Data Science Workbench,Data Science Workbench,Wrong environment selected,Mehul Shah,Operations Analyst,"['Mehul Shah (Operations Analyst)', 'Priya Nair (L1 Support Engineer)']",2026-04-28 15:30,2026-04-28 15:37,2026-04-28 18:00,Priya Nair,Priya Nair,L1,L1 only,No,8,1,1,Low,Low,Resolved,Issue was diagnosed and confirmed resolved after troubleshooting / rerun / fix.,https://slack.fake.company/archives/CONV-143,"[2026-04-28 15:30] Mehul Shah (Operations Analyst): i think i opened wrong env",Infrastructure
CONV-144,Data Quality,Data Quality,Alert interpretation confusion,Kavya Menon,BI Analyst,"['Kavya Menon (BI Analyst)', 'Megha Joshi (L1 Support Engineer)']",2026-04-29 08:45,2026-04-29 08:52,2026-04-29 12:30,Megha Joshi,Megha Joshi,L1,L1 only,No,12,1,1,Medium,Medium,Resolved,Issue was diagnosed and confirmed resolved after troubleshooting / rerun / fix.,https://slack.fake.company/archives/CONV-144,"[2026-04-29 08:45] Kavya Menon (BI Analyst): not sure how to interpret this alert",Data Quality
CONV-145,Pipelines,Pipelines,DAG timeout,Arjun Rao,ML Engineer,"['Arjun Rao (ML Engineer)', 'Sandeep Kulkarni (L1 Support Engineer)', 'Harshit Arora (Senior Data Engineer (L2))']",2026-04-30 08:30,2026-04-30 08:42,2026-04-30 17:00,Sandeep Kulkarni,Harshit Arora,L2,L1 + L2,Yes,22,1,2,Critical,Critical,Resolved,Issue was diagnosed and confirmed resolved after troubleshooting / rerun / fix.,https://slack.fake.company/archives/CONV-145,"[2026-04-30 08:30] Arjun Rao (ML Engineer): dag timed out",Pipeline & Ingestion
CONV-146,Tableau,Tableau,Performance issue,Rahul Nair,Senior Analyst,"['Rahul Nair (Senior Analyst)', 'Aakash Jain (L1 Support Engineer)']",2026-04-01 08:30,2026-04-01 08:37,2026-04-01 12:00,Aakash Jain,Aakash Jain,L1,L1 only,No,9,1,1,Medium,Medium,Resolved,Issue was diagnosed and confirmed resolved after troubleshooting / rerun / fix.,https://slack.fake.company/archives/CONV-146,"[2026-04-01 08:30] Rahul Nair (Senior Analyst): dashboard super slow",Reporting & Visualization
CONV-147,Data Science Workbench,Data Science Workbench,Resource limits,Aditi Singh,Growth Manager,"['Aditi Singh (Growth Manager)', 'Rohit Bansal (L1 Support Engineer)']",2026-04-03 15:30,2026-04-03 15:37,2026-04-04 09:30,Rohit Bansal,Rohit Bansal,L1,L1 only,No,10,1,1,Low,Low,Resolved,Issue was diagnosed and confirmed resolved after troubleshooting / rerun / fix.,https://slack.fake.company/archives/CONV-147,"[2026-04-03 15:30] Aditi Singh (Growth Manager): OOM killed",Infrastructure
CONV-148,Pipelines,Pipelines,Missing partition,Rohan Mehta,Data Analyst,"['Rohan Mehta (Data Analyst)', 'Nisha Thomas (L1 Support Engineer)']",2026-04-05 13:30,2026-04-05 13:37,2026-04-05 17:00,Nisha Thomas,Nisha Thomas,L1,L1 only,No,8,1,1,Low,Low,Resolved,Issue was diagnosed and confirmed resolved after troubleshooting / rerun / fix.,https://slack.fake.company/archives/CONV-148,"[2026-04-05 13:30] Rohan Mehta (Data Analyst): partition missing",Pipeline & Ingestion
CONV-149,Data Quality,Data Quality,Failed validation rule,Sneha Iyer,Data Scientist,"['Sneha Iyer (Data Scientist)', 'Priya Nair (L1 Support Engineer)']",2026-04-07 15:30,2026-04-07 15:38,2026-04-08 09:00,Priya Nair,Priya Nair,L1,L1 only,No,10,1,1,Medium,Medium,Resolved,Issue was diagnosed and confirmed resolved after troubleshooting / rerun / fix.,https://slack.fake.company/archives/CONV-149,"[2026-04-07 15:30] Sneha Iyer (Data Scientist): rule failing",Data Quality
CONV-150,Query Builder,Query Builder,SQL syntax confusion,Kavya Menon,BI Analyst,"['Kavya Menon (BI Analyst)', 'Megha Joshi (L1 Support Engineer)']",2026-04-09 15:30,2026-04-09 15:37,2026-04-10 09:00,Megha Joshi,Megha Joshi,L1,L1 only,No,9,1,1,Low,Low,Resolved,Issue was diagnosed and confirmed resolved after troubleshooting / rerun / fix.,https://slack.fake.company/archives/CONV-150,"[2026-04-09 15:30] Kavya Menon (BI Analyst): getting syntax error",Access & Permissions
CONV-151,Tableau,Tableau,Extract refresh failed,Dev Patel,Analytics Engineer,"['Dev Patel (Analytics Engineer)', 'Sandeep Kulkarni (L1 Support Engineer)']",2026-04-11 15:30,2026-04-11 15:37,2026-04-12 09:00,Sandeep Kulkarni,Sandeep Kulkarni,L1,L1 only,No,7,1,1,Medium,Medium,Resolved,Issue was diagnosed and confirmed resolved after troubleshooting / rerun / fix.,https://slack.fake.company/archives/CONV-151,"[2026-04-11 15:30] Dev Patel (Analytics Engineer): extract failed to refresh",Reporting & Visualization
CONV-152,Pipelines,Pipelines,Upstream dependency failure,Arjun Rao,ML Engineer,"['Arjun Rao (ML Engineer)', 'Rohit Bansal (L1 Support Engineer)', 'Ravi Menon (L2 Platform Engineer)']",2026-04-13 08:30,2026-04-13 08:42,2026-04-14 09:00,Rohit Bansal,Ravi Menon,L2,L1 + L2,Yes,15,1,2,High,High,Resolved,Issue was diagnosed and confirmed resolved after troubleshooting / rerun / fix.,https://slack.fake.company/archives/CONV-152,"[2026-04-13 08:30] Arjun Rao (ML Engineer): looks like upstream issue",Pipeline & Ingestion
CONV-153,Data Science Workbench,Data Science Workbench,Notebook not saving,Neha Kapoor,Marketing Analyst,"['Neha Kapoor (Marketing Analyst)', 'Nisha Thomas (L1 Support Engineer)']",2026-04-15 15:30,2026-04-15 15:37,2026-04-16 09:00,Nisha Thomas,Nisha Thomas,L1,L1 only,No,6,1,1,Low,Low,No Response,Support requested info but user stopped responding; thread closed.,https://slack.fake.company/archives/CONV-153,"[2026-04-15 15:30] Neha Kapoor (Marketing Analyst): notebook wont save",Infrastructure
CONV-154,Data Quality,Data Quality,Null spike alert,Karan Malhotra,Finance Analyst,"['Karan Malhotra (Finance Analyst)', 'Aakash Jain (L1 Support Engineer)']",2026-04-17 15:30,2026-04-17 15:38,2026-04-18 09:30,Aakash Jain,Aakash Jain,L1,L1 only,No,9,1,1,Medium,Medium,Resolved,Issue was diagnosed and confirmed resolved after troubleshooting / rerun / fix.,https://slack.fake.company/archives/CONV-154,"[2026-04-17 15:30] Karan Malhotra (Finance Analyst): null spike alert fired",Data Quality
CONV-155,Tableau,Tableau,Dashboard blank / visual missing,Ritu Sharma,Data Engineer,"['Ritu Sharma (Data Engineer)', 'Priya Nair (L1 Support Engineer)']",2026-04-19 15:30,2026-04-19 15:37,2026-04-20 10:00,Priya Nair,Priya Nair,L1,L1 only,No,8,1,1,Medium,Medium,Resolved,Issue was diagnosed and confirmed resolved after troubleshooting / rerun / fix.,https://slack.fake.company/archives/CONV-155,"[2026-04-19 15:30] Ritu Sharma (Data Engineer): dashboard is blank",Reporting & Visualization
CONV-156,Pipelines,Pipelines,Scheduled run failed,Vikash Kumar,Product Analyst,"['Vikash Kumar (Product Analyst)', 'Megha Joshi (L1 Support Engineer)']",2026-04-21 15:30,2026-04-21 15:37,2026-04-22 09:00,Megha Joshi,Megha Joshi,L1,L1 only,No,9,1,1,Medium,Medium,Resolved,Issue was diagnosed and confirmed resolved after troubleshooting / rerun / fix.,https://slack.fake.company/archives/CONV-156,"[2026-04-21 15:30] Vikash Kumar (Product Analyst): scheduled run failed",Pipeline & Ingestion
CONV-157,Query Builder,Query Builder,Permission denied on table,Preethi Nair,Research Analyst,"['Preethi Nair (Research Analyst)', 'Rohit Bansal (L1 Support Engineer)', 'Vikram Desai (Backend / Platform Developer (L2))']",2026-04-23 15:30,2026-04-23 15:42,2026-04-24 14:00,Rohit Bansal,Vikram Desai,L2,L1 + L2,Yes,16,1,2,High,High,Resolved,Issue was diagnosed and confirmed resolved after troubleshooting / rerun / fix.,https://slack.fake.company/archives/CONV-157,"[2026-04-23 15:30] Preethi Nair (Research Analyst): getting permission denied",Access & Permissions
CONV-158,Data Science Workbench,Data Science Workbench,GPU quota exceeded,Rahul Nair,Senior Analyst,"['Rahul Nair (Senior Analyst)', 'Sandeep Kulkarni (L1 Support Engineer)', 'Shreya Kulkarni (Analytics Platform Engineer (L2))']",2026-04-25 15:30,2026-04-25 15:42,2026-04-26 14:00,Sandeep Kulkarni,Shreya Kulkarni,L2,L1 + L2,Yes,21,1,2,High,High,Resolved,Issue was diagnosed and confirmed resolved after troubleshooting / rerun / fix.,https://slack.fake.company/archives/CONV-158,"[2026-04-25 15:30] Rahul Nair (Senior Analyst): gpu quota hit",Infrastructure
CONV-159,Data Quality,Data Quality,Schema drift detected,Rohan Mehta,Data Analyst,"['Rohan Mehta (Data Analyst)', 'Nisha Thomas (L1 Support Engineer)']",2026-04-27 15:30,2026-04-27 15:38,2026-04-28 10:00,Nisha Thomas,Nisha Thomas,L1,L1 only,No,11,1,1,High,Medium,Resolved,Issue was diagnosed and confirmed resolved after troubleshooting / rerun / fix.,https://slack.fake.company/archives/CONV-159,"[2026-04-27 15:30] Rohan Mehta (Data Analyst): schema changed on source",Data Quality
CONV-160,Tableau,Tableau,Performance issue,Aditi Singh,Growth Manager,"['Aditi Singh (Growth Manager)', 'Aakash Jain (L1 Support Engineer)']",2026-04-29 15:30,2026-04-29 15:37,2026-04-30 09:00,Aakash Jain,Aakash Jain,L1,L1 only,No,9,1,1,Medium,Medium,Resolved,Issue was diagnosed and confirmed resolved after troubleshooting / rerun / fix.,https://slack.fake.company/archives/CONV-160,"[2026-04-29 15:30] Aditi Singh (Growth Manager): dashboard super slow",Reporting & Visualization
